#
# A fatal error has been detected by the Java Runtime Environment:
#
#  SIGBUS (0xa) at pc=0x0000000104ed4c10, pid=14351, tid=29959
#
# JRE version: OpenJDK Runtime Environment Temurin-17.0.20.1+1 (17.0.20.1+1) (build 17.0.20.1+1)
# Java VM: OpenJDK 64-Bit Server VM Temurin-17.0.20.1+1 (17.0.20.1+1, mixed mode, sharing, tiered, compressed oops, compressed class ptrs, g1 gc, bsd-aarch64)
# Problematic frame:
# 
[error occurred during error reporting (printing problematic frame), id 0xa, SIGBUS (0xa) at pc=0x000000018e317ed8]

# No core dump will be written. Core dumps have been disabled. To enable core dumping, try "ulimit -c unlimited" before starting Java again
#
# If you would like to submit a bug report, please visit:
#   https://github.com/adoptium/adoptium-support/issues
#

---------------  S U M M A R Y ------------

Command Line: --add-opens=java.base/java.lang=ALL-UNNAMED --add-opens=java.base/java.lang.invoke=ALL-UNNAMED --add-opens=java.base/java.util=ALL-UNNAMED --add-opens=java.prefs/java.util.prefs=ALL-UNNAMED --add-exports=jdk.compiler/com.sun.tools.javac.api=ALL-UNNAMED --add-exports=jdk.compiler/com.sun.tools.javac.util=ALL-UNNAMED --add-opens=java.base/java.util=ALL-UNNAMED --add-opens=java.prefs/java.util.prefs=ALL-UNNAMED --add-opens=java.base/java.nio.charset=ALL-UNNAMED --add-opens=java.base/java.net=ALL-UNNAMED --add-opens=java.base/java.util.concurrent=ALL-UNNAMED --add-opens=java.base/java.util.concurrent.atomic=ALL-UNNAMED --add-opens=java.xml/javax.xml.namespace=ALL-UNNAMED -Xmx2048m -Dfile.encoding=UTF-8 -Duser.country=CN -Duser.language=zh -Duser.variant -javaagent:/Users/wzw/tools/gradle-9.0.0/lib/agents/gradle-instrumentation-agent-9.0.0.jar org.gradle.launcher.daemon.bootstrap.GradleDaemon 9.0.0

Host: "Mac16,10" arm64, 10 cores, 16G, Darwin 27.2.0, macOS 27.2 (26B5086k)
Time: Fri Sep 25 10:58:03 2026 CST elapsed time: 60990.316167 seconds (0d 16h 56m 30s)

---------------  T H R E A D  ---------------

Current thread is native thread

Stack: [0x0000000171038000,0x00000001710bb000],  sp=0x00000001710b2580,  free space=489k
Native frames: (J=compiled Java code, j=interpreted, Vv=VM code, C=native code)

[error occurred during error reporting (printing native stack), id 0xa, SIGBUS (0xa) at pc=0x000000018e317ed8]


siginfo: si_signo: 10 (SIGBUS), si_code: 1 (BUS_ADRALN), si_addr: 0x0000000104ed4c10

Registers:
 x0=0x0000007c3d2ac000  x1=0x0000007c391e8200  x2=0x0000000000000006  x3=0x00000001710b2580
 x4=0x000000010015c000  x5=0x0000000100190000  x6=0x0000000000000000  x7=0x0000000000000830
 x8=0x0000000104ed4c10  x9=0x0000000000000030 x10=0x00000000774491f9 x11=0x000000000000027a
x12=0x0000000000000000 x13=0x00000001710b2547 x14=0x0000000104b88300 x15=0x000000010015c000
x16=0x000000018e690370 x17=0x00000001f0254e50 x18=0x0000000000000000 x19=0x0000000000000006
x20=0x00000001710b2580 x21=0x0000000000000000 x22=0x0000007208030000 x23=0x0000000000000006
x24=0x0000007c3d2ac000 x25=0x0000000000000000 x26=0x0000000100190000 x27=0x0000000000000000
x28=0x0000007c39014b10  fp=0x00000001710b26d0  lr=0x00000001994f1b34  sp=0x00000001710b2580
pc=0x0000000104ed4c10 cpsr=0x0000000060000800

Top of Stack: (sp=0x00000001710b2580)
0x00000001710b2580:   0000000100194014 000000010019407a
0x00000001710b2590:   00000001001940e2 0000000100194152
0x00000001710b25a0:   00000001001941c4 000000010019422a
0x00000001710b25b0:   0000000000000000 0000000000004000
0x00000001710b25c0:   00000000710b6720 0000000000000030
0x00000001710b25d0:   0000000000000000 0000000000000000
0x00000001710b25e0:   000000010015c000 0000000000000000
0x00000001710b25f0:   0000007208030000 0000000100190000
0x00000001710b2600:   0000000100194000 0000000000000000
0x00000001710b2610:   0000000000000000 0000007c39014b10
0x00000001710b2620:   0000000000000000 00000001710b25b0
0x00000001710b2630:   0000000000000000 0000000000000000
0x00000001710b2640:   0000000000000000 0000000000000000
0x00000001710b2650:   0000000000000000 0000000000000000
0x00000001710b2660:   0000000000000000 0001130300000000
0x00000001710b2670:   2254ba707fa300f5 0000000000000000
0x00000001710b2680:   00000001007a6210 00000001710baa00
0x00000001710b2690:   00000001007a6210 00000001710bb0e0
0x00000001710b26a0:   0000000000000000 0000000000011303
0x00000001710b26b0:   00000001710b6720 00000001710b2720
0x00000001710b26c0:   00000001710b6720 00000001710b2720
0x00000001710b26d0:   00000001710b2700 00000001994f0cd4
0x00000001710b26e0:   0000000100194000 000000000000027a
0x00000001710b26f0:   00000001710b6720 0000000000004000
0x00000001710b2700:   00000001710b2710 00000001994f0bc8
0x00000001710b2710:   00000001710ba760 00000001994f464c
0x00000001710b2720:   0000002400000000 0000000000000000
0x00000001710b2730:   0001061c00000000 0000000000000000
0x00000001710b2740:   0000000000000000 0000000000000000
0x00000001710b2750:   0000000000000000 0000000000000000
0x00000001710b2760:   0000000000000000 0000000000000000
0x00000001710b2770:   0000000000000000 0000000000000000 

Instructions: (pc=0x0000000104ed4c10)
0x0000000104ed4b10:   ?? ?? ?? ?? ?? ?? ?? ?? ?? ?? ?? ?? ?? ?? ?? ??
0x0000000104ed4b20:   ?? ?? ?? ?? ?? ?? ?? ?? ?? ?? ?? ?? ?? ?? ?? ??
0x0000000104ed4b30:   ?? ?? ?? ?? ?? ?? ?? ?? ?? ?? ?? ?? ?? ?? ?? ??
0x0000000104ed4b40:   ?? ?? ?? ?? ?? ?? ?? ?? ?? ?? ?? ?? ?? ?? ?? ??
0x0000000104ed4b50:   ?? ?? ?? ?? ?? ?? ?? ?? ?? ?? ?? ?? ?? ?? ?? ??
0x0000000104ed4b60:   ?? ?? ?? ?? ?? ?? ?? ?? ?? ?? ?? ?? ?? ?? ?? ??
0x0000000104ed4b70:   ?? ?? ?? ?? ?? ?? ?? ?? ?? ?? ?? ?? ?? ?? ?? ??
0x0000000104ed4b80:   ?? ?? ?? ?? ?? ?? ?? ?? ?? ?? ?? ?? ?? ?? ?? ??
0x0000000104ed4b90:   ?? ?? ?? ?? ?? ?? ?? ?? ?? ?? ?? ?? ?? ?? ?? ??
0x0000000104ed4ba0:   ?? ?? ?? ?? ?? ?? ?? ?? ?? ?? ?? ?? ?? ?? ?? ??
0x0000000104ed4bb0:   ?? ?? ?? ?? ?? ?? ?? ?? ?? ?? ?? ?? ?? ?? ?? ??
0x0000000104ed4bc0:   ?? ?? ?? ?? ?? ?? ?? ?? ?? ?? ?? ?? ?? ?? ?? ??
0x0000000104ed4bd0:   ?? ?? ?? ?? ?? ?? ?? ?? ?? ?? ?? ?? ?? ?? ?? ??
0x0000000104ed4be0:   ?? ?? ?? ?? ?? ?? ?? ?? ?? ?? ?? ?? ?? ?? ?? ??
0x0000000104ed4bf0:   ?? ?? ?? ?? ?? ?? ?? ?? ?? ?? ?? ?? ?? ?? ?? ??
0x0000000104ed4c00:   ?? ?? ?? ?? ?? ?? ?? ?? ?? ?? ?? ?? ?? ?? ?? ??
0x0000000104ed4c10:   ?? ?? ?? ?? ?? ?? ?? ?? ?? ?? ?? ?? ?? ?? ?? ??
0x0000000104ed4c20:   ?? ?? ?? ?? ?? ?? ?? ?? ?? ?? ?? ?? ?? ?? ?? ??
0x0000000104ed4c30:   ?? ?? ?? ?? ?? ?? ?? ?? ?? ?? ?? ?? ?? ?? ?? ??
0x0000000104ed4c40:   ?? ?? ?? ?? ?? ?? ?? ?? ?? ?? ?? ?? ?? ?? ?? ??
0x0000000104ed4c50:   ?? ?? ?? ?? ?? ?? ?? ?? ?? ?? ?? ?? ?? ?? ?? ??
0x0000000104ed4c60:   ?? ?? ?? ?? ?? ?? ?? ?? ?? ?? ?? ?? ?? ?? ?? ??
0x0000000104ed4c70:   ?? ?? ?? ?? ?? ?? ?? ?? ?? ?? ?? ?? ?? ?? ?? ??
0x0000000104ed4c80:   ?? ?? ?? ?? ?? ?? ?? ?? ?? ?? ?? ?? ?? ?? ?? ??
0x0000000104ed4c90:   ?? ?? ?? ?? ?? ?? ?? ?? ?? ?? ?? ?? ?? ?? ?? ??
0x0000000104ed4ca0:   ?? ?? ?? ?? ?? ?? ?? ?? ?? ?? ?? ?? ?? ?? ?? ??
0x0000000104ed4cb0:   ?? ?? ?? ?? ?? ?? ?? ?? ?? ?? ?? ?? ?? ?? ?? ??
0x0000000104ed4cc0:   ?? ?? ?? ?? ?? ?? ?? ?? ?? ?? ?? ?? ?? ?? ?? ??
0x0000000104ed4cd0:   ?? ?? ?? ?? ?? ?? ?? ?? ?? ?? ?? ?? ?? ?? ?? ??
0x0000000104ed4ce0:   ?? ?? ?? ?? ?? ?? ?? ?? ?? ?? ?? ?? ?? ?? ?? ??
0x0000000104ed4cf0:   ?? ?? ?? ?? ?? ?? ?? ?? ?? ?? ?? ?? ?? ?? ?? ??
0x0000000104ed4d00:   ?? ?? ?? ?? ?? ?? ?? ?? ?? ?? ?? ?? ?? ?? ?? ?? 



---------------  P R O C E S S  ---------------

VM state: not at safepoint (normal execution)

VM Mutex/Monitor currently owned by a thread: None

Heap address: 0x0000007000800000, size: 2048 MB, Compressed Oops mode: Non-zero disjoint base: 0x0000007000000000, Oop shift amount: 3

CDS archive(s) mapped at: [0x000000a000000000-0x000000a000bc0000-0x000000a000bc0000), size 12320768, SharedBaseAddress: 0x000000a000000000, ArchiveRelocationMode: 1.
Compressed class space mapped at: 0x000000a001000000-0x000000a041000000, reserved size: 1073741824
Narrow klass base: 0x000000a000000000, Narrow klass shift: 0, Narrow klass range: 0x100000000

GC Precious Log:
<Skipped>

Heap:
 garbage-first heap   total 491520K, used 228963K [0x0000007000800000, 0x0000007080800000)
  region size 1024K, 65 young (66560K), 21 survivors (21504K)
 Metaspace       used 187099K, committed 188608K, reserved 1245184K
  class space    used 24616K, committed 25344K, reserved 1048576K

Heap Regions: E=young(eden), S=young(survivor), O=old, HS=humongous(starts), HC=humongous(continues), CS=collection set, F=free, OA=open archive, CA=closed archive, TAMS=top-at-mark-start (previous, next)
|   0|0x0000007000800000, 0x0000007000900000, 0x0000007000900000|100%|HS|  |TAMS 0x0000007000900000, 0x0000007000800000| Untracked 
|   1|0x0000007000900000, 0x0000007000a00000, 0x0000007000a00000|100%|HC|  |TAMS 0x0000007000a00000, 0x0000007000900000| Untracked 
|   2|0x0000007000a00000, 0x0000007000b00000, 0x0000007000b00000|100%|HC|  |TAMS 0x0000007000b00000, 0x0000007000a00000| Untracked 
|   3|0x0000007000b00000, 0x0000007000c00000, 0x0000007000c00000|100%| O|  |TAMS 0x0000007000c00000, 0x0000007000b00000| Untracked 
|   4|0x0000007000c00000, 0x0000007000d00000, 0x0000007000d00000|100%| O|  |TAMS 0x0000007000d00000, 0x0000007000c00000| Untracked 
|   5|0x0000007000d00000, 0x0000007000dffff8, 0x0000007000e00000| 99%| O|  |TAMS 0x0000007000dffff8, 0x0000007000d00000| Untracked 
|   6|0x0000007000e00000, 0x0000007000effe20, 0x0000007000f00000| 99%| O|  |TAMS 0x0000007000effe20, 0x0000007000e00000| Untracked 
|   7|0x0000007000f00000, 0x0000007001000000, 0x0000007001000000|100%| O|  |TAMS 0x0000007001000000, 0x0000007000f00000| Untracked 
|   8|0x0000007001000000, 0x00000070010fffb0, 0x0000007001100000| 99%| O|  |TAMS 0x0000007001000000, 0x0000007001000000| Untracked 
|   9|0x0000007001100000, 0x0000007001200000, 0x0000007001200000|100%|HS|  |TAMS 0x0000007001200000, 0x0000007001100000| Untracked 
|  10|0x0000007001200000, 0x0000007001300000, 0x0000007001300000|100%| O|  |TAMS 0x0000007001300000, 0x0000007001200000| Untracked 
|  11|0x0000007001300000, 0x0000007001400000, 0x0000007001400000|100%| O|  |TAMS 0x0000007001300000, 0x0000007001300000| Untracked 
|  12|0x0000007001400000, 0x00000070014ffff0, 0x0000007001500000| 99%| O|  |TAMS 0x00000070014ffff0, 0x0000007001400000| Untracked 
|  13|0x0000007001500000, 0x00000070015fc460, 0x0000007001600000| 98%| O|  |TAMS 0x00000070015fc460, 0x0000007001500000| Untracked 
|  14|0x0000007001600000, 0x00000070016ffff8, 0x0000007001700000| 99%| O|  |TAMS 0x0000007001600000, 0x0000007001600000| Untracked 
|  15|0x0000007001700000, 0x00000070017fffa0, 0x0000007001800000| 99%| O|  |TAMS 0x0000007001700000, 0x0000007001700000| Untracked 
|  16|0x0000007001800000, 0x00000070018ffff0, 0x0000007001900000| 99%| O|  |TAMS 0x0000007001800000, 0x0000007001800000| Untracked 
|  17|0x0000007001900000, 0x00000070019fffe0, 0x0000007001a00000| 99%| O|  |TAMS 0x0000007001900000, 0x0000007001900000| Untracked 
|  18|0x0000007001a00000, 0x0000007001affff0, 0x0000007001b00000| 99%| O|  |TAMS 0x0000007001a00000, 0x0000007001a00000| Untracked 
|  19|0x0000007001b00000, 0x0000007001c00000, 0x0000007001c00000|100%| O|  |TAMS 0x0000007001b00000, 0x0000007001b00000| Untracked 
|  20|0x0000007001c00000, 0x0000007001d00000, 0x0000007001d00000|100%| O|  |TAMS 0x0000007001c00000, 0x0000007001c00000| Untracked 
|  21|0x0000007001d00000, 0x0000007001dfdb98, 0x0000007001e00000| 99%| O|  |TAMS 0x0000007001dfdb98, 0x0000007001d00000| Untracked 
|  22|0x0000007001e00000, 0x0000007001efffe8, 0x0000007001f00000| 99%| O|  |TAMS 0x0000007001efffe8, 0x0000007001e00000| Untracked 
|  23|0x0000007001f00000, 0x0000007002000000, 0x0000007002000000|100%| O|  |TAMS 0x0000007002000000, 0x0000007001f00000| Untracked 
|  24|0x0000007002000000, 0x00000070020ffff0, 0x0000007002100000| 99%| O|  |TAMS 0x0000007002000000, 0x0000007002000000| Untracked 
|  25|0x0000007002100000, 0x00000070021ffff8, 0x0000007002200000| 99%| O|  |TAMS 0x0000007002100000, 0x0000007002100000| Untracked 
|  26|0x0000007002200000, 0x0000007002300000, 0x0000007002300000|100%| O|  |TAMS 0x0000007002200000, 0x0000007002200000| Untracked 
|  27|0x0000007002300000, 0x00000070023fffb0, 0x0000007002400000| 99%| O|  |TAMS 0x0000007002300000, 0x0000007002300000| Untracked 
|  28|0x0000007002400000, 0x00000070024fff10, 0x0000007002500000| 99%| O|  |TAMS 0x00000070024fff10, 0x0000007002400000| Untracked 
|  29|0x0000007002500000, 0x00000070025b1e20, 0x0000007002600000| 69%| O|  |TAMS 0x0000007002500000, 0x0000007002500000| Untracked 
|  30|0x0000007002600000, 0x00000070026ffff0, 0x0000007002700000| 99%| O|  |TAMS 0x00000070026ffff0, 0x0000007002600000| Untracked 
|  31|0x0000007002700000, 0x00000070027ff958, 0x0000007002800000| 99%| O|  |TAMS 0x00000070027ff958, 0x0000007002700000| Untracked 
|  32|0x0000007002800000, 0x00000070028ffff8, 0x0000007002900000| 99%| O|  |TAMS 0x00000070028ffff8, 0x0000007002800000| Untracked 
|  33|0x0000007002900000, 0x00000070029ffff8, 0x0000007002a00000| 99%| O|  |TAMS 0x0000007002900000, 0x0000007002900000| Untracked 
|  34|0x0000007002a00000, 0x0000007002affff8, 0x0000007002b00000| 99%| O|  |TAMS 0x0000007002a00000, 0x0000007002a00000| Untracked 
|  35|0x0000007002b00000, 0x0000007002bffee0, 0x0000007002c00000| 99%| O|  |TAMS 0x0000007002bffee0, 0x0000007002b00000| Untracked 
|  36|0x0000007002c00000, 0x0000007002cfffc8, 0x0000007002d00000| 99%| O|  |TAMS 0x0000007002cfffc8, 0x0000007002c00000| Untracked 
|  37|0x0000007002d00000, 0x0000007002dffff8, 0x0000007002e00000| 99%| O|  |TAMS 0x0000007002dffff8, 0x0000007002d00000| Untracked 
|  38|0x0000007002e00000, 0x0000007002effff8, 0x0000007002f00000| 99%| O|  |TAMS 0x0000007002effff8, 0x0000007002e00000| Untracked 
|  39|0x0000007002f00000, 0x0000007003000000, 0x0000007003000000|100%|HS|  |TAMS 0x0000007003000000, 0x0000007002f00000| Untracked 
|  40|0x0000007003000000, 0x0000007003100000, 0x0000007003100000|100%|HS|  |TAMS 0x0000007003100000, 0x0000007003000000| Untracked 
|  41|0x0000007003100000, 0x0000007003200000, 0x0000007003200000|100%|HS|  |TAMS 0x0000007003200000, 0x0000007003100000| Untracked 
|  42|0x0000007003200000, 0x0000007003300000, 0x0000007003300000|100%|HC|  |TAMS 0x0000007003300000, 0x0000007003200000| Untracked 
|  43|0x0000007003300000, 0x0000007003400000, 0x0000007003400000|100%|HS|  |TAMS 0x0000007003400000, 0x0000007003300000| Untracked 
|  44|0x0000007003400000, 0x0000007003500000, 0x0000007003500000|100%|HS|  |TAMS 0x0000007003500000, 0x0000007003400000| Untracked 
|  45|0x0000007003500000, 0x0000007003600000, 0x0000007003600000|100%|HS|  |TAMS 0x0000007003600000, 0x0000007003500000| Untracked 
|  46|0x0000007003600000, 0x0000007003700000, 0x0000007003700000|100%| O|  |TAMS 0x0000007003600000, 0x0000007003600000| Untracked 
|  47|0x0000007003700000, 0x0000007003800000, 0x0000007003800000|100%| O|  |TAMS 0x0000007003800000, 0x0000007003700000| Untracked 
|  48|0x0000007003800000, 0x00000070038ffff8, 0x0000007003900000| 99%| O|  |TAMS 0x0000007003800000, 0x0000007003800000| Untracked 
|  49|0x0000007003900000, 0x00000070039ffff0, 0x0000007003a00000| 99%| O|  |TAMS 0x00000070039ffff0, 0x0000007003900000| Untracked 
|  50|0x0000007003a00000, 0x0000007003b00000, 0x0000007003b00000|100%|HS|  |TAMS 0x0000007003b00000, 0x0000007003a00000| Untracked 
|  51|0x0000007003b00000, 0x0000007003c00000, 0x0000007003c00000|100%|HC|  |TAMS 0x0000007003c00000, 0x0000007003b00000| Untracked 
|  52|0x0000007003c00000, 0x0000007003d00000, 0x0000007003d00000|100%|HS|  |TAMS 0x0000007003d00000, 0x0000007003c00000| Untracked 
|  53|0x0000007003d00000, 0x0000007003e00000, 0x0000007003e00000|100%| O|  |TAMS 0x0000007003e00000, 0x0000007003d00000| Untracked 
|  54|0x0000007003e00000, 0x0000007003f00000, 0x0000007003f00000|100%| O|  |TAMS 0x0000007003f00000, 0x0000007003e00000| Untracked 
|  55|0x0000007003f00000, 0x0000007004000000, 0x0000007004000000|100%| O|  |TAMS 0x0000007004000000, 0x0000007003f00000| Untracked 
|  56|0x0000007004000000, 0x0000007004100000, 0x0000007004100000|100%| O|  |TAMS 0x0000007004000000, 0x0000007004000000| Untracked 
|  57|0x0000007004100000, 0x0000007004200000, 0x0000007004200000|100%| O|  |TAMS 0x0000007004200000, 0x0000007004100000| Untracked 
|  58|0x0000007004200000, 0x00000070042ffff8, 0x0000007004300000| 99%| O|  |TAMS 0x00000070042ffff8, 0x0000007004200000| Untracked 
|  59|0x0000007004300000, 0x00000070043a26c0, 0x0000007004400000| 63%| O|  |TAMS 0x0000007004300000, 0x0000007004300000| Untracked 
|  60|0x0000007004400000, 0x0000007004500000, 0x0000007004500000|100%| O|  |TAMS 0x0000007004500000, 0x0000007004400000| Untracked 
|  61|0x0000007004500000, 0x00000070045fffb0, 0x0000007004600000| 99%| O|  |TAMS 0x0000007004500000, 0x0000007004500000| Untracked 
|  62|0x0000007004600000, 0x00000070046fff98, 0x0000007004700000| 99%| O|  |TAMS 0x0000007004600000, 0x0000007004600000| Untracked 
|  63|0x0000007004700000, 0x00000070047fffe0, 0x0000007004800000| 99%| O|  |TAMS 0x0000007004700000, 0x0000007004700000| Untracked 
|  64|0x0000007004800000, 0x0000007004900000, 0x0000007004900000|100%|HS|  |TAMS 0x0000007004900000, 0x0000007004800000| Untracked 
|  65|0x0000007004900000, 0x00000070049ffff8, 0x0000007004a00000| 99%| O|  |TAMS 0x0000007004900000, 0x0000007004900000| Untracked 
|  66|0x0000007004a00000, 0x0000007004afffc0, 0x0000007004b00000| 99%| O|  |TAMS 0x0000007004afffc0, 0x0000007004a00000| Untracked 
|  67|0x0000007004b00000, 0x0000007004bfffd8, 0x0000007004c00000| 99%| O|  |TAMS 0x0000007004bfffd8, 0x0000007004b00000| Untracked 
|  68|0x0000007004c00000, 0x0000007004cffff0, 0x0000007004d00000| 99%| O|  |TAMS 0x0000007004c00000, 0x0000007004c00000| Untracked 
|  69|0x0000007004d00000, 0x0000007004e00000, 0x0000007004e00000|100%| O|  |TAMS 0x0000007004d00000, 0x0000007004d00000| Untracked 
|  70|0x0000007004e00000, 0x0000007004efff98, 0x0000007004f00000| 99%| O|  |TAMS 0x0000007004e00000, 0x0000007004e00000| Untracked 
|  71|0x0000007004f00000, 0x0000007004fffff8, 0x0000007005000000| 99%| O|  |TAMS 0x0000007004fffff8, 0x0000007004f00000| Untracked 
|  72|0x0000007005000000, 0x00000070050ffff0, 0x0000007005100000| 99%| O|  |TAMS 0x0000007005000000, 0x0000007005000000| Untracked 
|  73|0x0000007005100000, 0x00000070051fffd0, 0x0000007005200000| 99%| O|  |TAMS 0x0000007005100000, 0x0000007005100000| Untracked 
|  74|0x0000007005200000, 0x00000070052ffff8, 0x0000007005300000| 99%| O|  |TAMS 0x0000007005200000, 0x0000007005200000| Untracked 
|  75|0x0000007005300000, 0x0000007005400000, 0x0000007005400000|100%| O|  |TAMS 0x0000007005300000, 0x0000007005300000| Untracked 
|  76|0x0000007005400000, 0x00000070054ffff0, 0x0000007005500000| 99%| O|  |TAMS 0x0000007005400000, 0x0000007005400000| Untracked 
|  77|0x0000007005500000, 0x00000070055ffff0, 0x0000007005600000| 99%| O|  |TAMS 0x0000007005500000, 0x0000007005500000| Untracked 
|  78|0x0000007005600000, 0x00000070056fff78, 0x0000007005700000| 99%| O|  |TAMS 0x0000007005600000, 0x0000007005600000| Untracked 
|  79|0x0000007005700000, 0x00000070057ffff8, 0x0000007005800000| 99%| O|  |TAMS 0x0000007005700000, 0x0000007005700000| Untracked 
|  80|0x0000007005800000, 0x0000007005900000, 0x0000007005900000|100%| O|  |TAMS 0x0000007005800000, 0x0000007005800000| Untracked 
|  81|0x0000007005900000, 0x00000070059fffe8, 0x0000007005a00000| 99%| O|  |TAMS 0x0000007005900000, 0x0000007005900000| Untracked 
|  82|0x0000007005a00000, 0x0000007005affff8, 0x0000007005b00000| 99%| O|  |TAMS 0x0000007005a00000, 0x0000007005a00000| Untracked 
|  83|0x0000007005b00000, 0x0000007005bfffc8, 0x0000007005c00000| 99%| O|  |TAMS 0x0000007005b00000, 0x0000007005b00000| Untracked 
|  84|0x0000007005c00000, 0x0000007005cfff30, 0x0000007005d00000| 99%| O|  |TAMS 0x0000007005c00000, 0x0000007005c00000| Untracked 
|  85|0x0000007005d00000, 0x0000007005dfffc0, 0x0000007005e00000| 99%| O|  |TAMS 0x0000007005d00000, 0x0000007005d00000| Untracked 
|  86|0x0000007005e00000, 0x0000007005efffc0, 0x0000007005f00000| 99%| O|  |TAMS 0x0000007005e00000, 0x0000007005e00000| Untracked 
|  87|0x0000007005f00000, 0x0000007005fffff8, 0x0000007006000000| 99%| O|  |TAMS 0x0000007005f00000, 0x0000007005f00000| Untracked 
|  88|0x0000007006000000, 0x0000007006100000, 0x0000007006100000|100%| O|  |TAMS 0x0000007006000000, 0x0000007006000000| Untracked 
|  89|0x0000007006100000, 0x00000070061fffa8, 0x0000007006200000| 99%| O|  |TAMS 0x0000007006100000, 0x0000007006100000| Untracked 
|  90|0x0000007006200000, 0x00000070062f0180, 0x0000007006300000| 93%| O|  |TAMS 0x0000007006200000, 0x0000007006200000| Untracked 
|  91|0x0000007006300000, 0x00000070063fff78, 0x0000007006400000| 99%| O|  |TAMS 0x0000007006300000, 0x0000007006300000| Untracked 
|  92|0x0000007006400000, 0x00000070064fffe8, 0x0000007006500000| 99%| O|  |TAMS 0x0000007006400000, 0x0000007006400000| Untracked 
|  93|0x0000007006500000, 0x00000070065fffe0, 0x0000007006600000| 99%| O|  |TAMS 0x0000007006500000, 0x0000007006500000| Untracked 
|  94|0x0000007006600000, 0x00000070066e7840, 0x0000007006700000| 90%| O|  |TAMS 0x0000007006600000, 0x0000007006600000| Untracked 
|  95|0x0000007006700000, 0x00000070067fffc8, 0x0000007006800000| 99%| O|  |TAMS 0x0000007006700000, 0x0000007006700000| Untracked 
|  96|0x0000007006800000, 0x00000070068fff88, 0x0000007006900000| 99%| O|  |TAMS 0x0000007006800000, 0x0000007006800000| Untracked 
|  97|0x0000007006900000, 0x00000070069fffe0, 0x0000007006a00000| 99%| O|  |TAMS 0x0000007006900000, 0x0000007006900000| Untracked 
|  98|0x0000007006a00000, 0x0000007006affff0, 0x0000007006b00000| 99%| O|  |TAMS 0x0000007006a00000, 0x0000007006a00000| Untracked 
|  99|0x0000007006b00000, 0x0000007006c00000, 0x0000007006c00000|100%| O|  |TAMS 0x0000007006b00000, 0x0000007006b00000| Untracked 
| 100|0x0000007006c00000, 0x0000007006cffff8, 0x0000007006d00000| 99%| O|  |TAMS 0x0000007006c00000, 0x0000007006c00000| Untracked 
| 101|0x0000007006d00000, 0x0000007006e00000, 0x0000007006e00000|100%| O|  |TAMS 0x0000007006d00000, 0x0000007006d00000| Untracked 
| 102|0x0000007006e00000, 0x0000007006efffe8, 0x0000007006f00000| 99%| O|  |TAMS 0x0000007006e00000, 0x0000007006e00000| Untracked 
| 103|0x0000007006f00000, 0x0000007006ffffc8, 0x0000007007000000| 99%| O|  |TAMS 0x0000007006f00000, 0x0000007006f00000| Untracked 
| 104|0x0000007007000000, 0x00000070070ffff8, 0x0000007007100000| 99%| O|  |TAMS 0x0000007007000000, 0x0000007007000000| Untracked 
| 105|0x0000007007100000, 0x0000007007200000, 0x0000007007200000|100%| O|  |TAMS 0x0000007007100000, 0x0000007007100000| Untracked 
| 106|0x0000007007200000, 0x0000007007300000, 0x0000007007300000|100%| O|  |TAMS 0x0000007007200000, 0x0000007007200000| Untracked 
| 107|0x0000007007300000, 0x00000070073ffff0, 0x0000007007400000| 99%| O|  |TAMS 0x0000007007300000, 0x0000007007300000| Untracked 
| 108|0x0000007007400000, 0x0000007007500000, 0x0000007007500000|100%| O|  |TAMS 0x0000007007400000, 0x0000007007400000| Untracked 
| 109|0x0000007007500000, 0x00000070075ffff0, 0x0000007007600000| 99%| O|  |TAMS 0x0000007007500000, 0x0000007007500000| Untracked 
| 110|0x0000007007600000, 0x00000070076fffe0, 0x0000007007700000| 99%| O|  |TAMS 0x0000007007600000, 0x0000007007600000| Untracked 
| 111|0x0000007007700000, 0x00000070077fffe0, 0x0000007007800000| 99%| O|  |TAMS 0x0000007007700000, 0x0000007007700000| Untracked 
| 112|0x0000007007800000, 0x0000007007900000, 0x0000007007900000|100%| O|  |TAMS 0x0000007007800000, 0x0000007007800000| Untracked 
| 113|0x0000007007900000, 0x00000070079fffe8, 0x0000007007a00000| 99%| O|  |TAMS 0x0000007007900000, 0x0000007007900000| Untracked 
| 114|0x0000007007a00000, 0x0000007007afffe8, 0x0000007007b00000| 99%| O|  |TAMS 0x0000007007a00000, 0x0000007007a00000| Untracked 
| 115|0x0000007007b00000, 0x0000007007bffff0, 0x0000007007c00000| 99%| O|  |TAMS 0x0000007007b00000, 0x0000007007b00000| Untracked 
| 116|0x0000007007c00000, 0x0000007007cfffd8, 0x0000007007d00000| 99%| O|  |TAMS 0x0000007007c00000, 0x0000007007c00000| Untracked 
| 117|0x0000007007d00000, 0x0000007007d62b90, 0x0000007007e00000| 38%| O|  |TAMS 0x0000007007d00000, 0x0000007007d00000| Untracked 
| 118|0x0000007007e00000, 0x0000007007ef19e8, 0x0000007007f00000| 94%| O|  |TAMS 0x0000007007e00000, 0x0000007007e00000| Untracked 
| 119|0x0000007007f00000, 0x0000007007ffffe0, 0x0000007008000000| 99%| O|  |TAMS 0x0000007007f00000, 0x0000007007f00000| Untracked 
| 120|0x0000007008000000, 0x0000007008100000, 0x0000007008100000|100%| O|  |TAMS 0x0000007008000000, 0x0000007008000000| Untracked 
| 121|0x0000007008100000, 0x00000070081115b8, 0x0000007008200000|  6%| O|  |TAMS 0x0000007008100000, 0x0000007008100000| Untracked 
| 122|0x0000007008200000, 0x0000007008300000, 0x0000007008300000|100%| O|  |TAMS 0x0000007008200000, 0x0000007008200000| Untracked 
| 123|0x0000007008300000, 0x0000007008400000, 0x0000007008400000|100%| O|  |TAMS 0x0000007008300000, 0x0000007008300000| Untracked 
| 124|0x0000007008400000, 0x00000070084fffe0, 0x0000007008500000| 99%| O|  |TAMS 0x0000007008400000, 0x0000007008400000| Untracked 
| 125|0x0000007008500000, 0x00000070085fff68, 0x0000007008600000| 99%| O|  |TAMS 0x0000007008500000, 0x0000007008500000| Untracked 
| 126|0x0000007008600000, 0x0000007008671978, 0x0000007008700000| 44%| O|  |TAMS 0x0000007008600000, 0x0000007008600000| Untracked 
| 127|0x0000007008700000, 0x0000007008797bd8, 0x0000007008800000| 59%| O|  |TAMS 0x0000007008700000, 0x0000007008700000| Untracked 
| 128|0x0000007008800000, 0x00000070088ffff8, 0x0000007008900000| 99%| O|  |TAMS 0x0000007008800000, 0x0000007008800000| Untracked 
| 129|0x0000007008900000, 0x00000070089e6e78, 0x0000007008a00000| 90%| O|  |TAMS 0x0000007008900000, 0x0000007008900000| Untracked 
| 130|0x0000007008a00000, 0x0000007008afffe8, 0x0000007008b00000| 99%| O|  |TAMS 0x0000007008a00000, 0x0000007008a00000| Untracked 
| 131|0x0000007008b00000, 0x0000007008bfffe8, 0x0000007008c00000| 99%| O|  |TAMS 0x0000007008b00000, 0x0000007008b00000| Untracked 
| 132|0x0000007008c00000, 0x0000007008d00000, 0x0000007008d00000|100%| O|  |TAMS 0x0000007008c00000, 0x0000007008c00000| Untracked 
| 133|0x0000007008d00000, 0x0000007008e00000, 0x0000007008e00000|100%| O|  |TAMS 0x0000007008d00000, 0x0000007008d00000| Untracked 
| 134|0x0000007008e00000, 0x0000007008f00000, 0x0000007008f00000|100%|HS|  |TAMS 0x0000007008f00000, 0x0000007008e00000| Untracked 
| 135|0x0000007008f00000, 0x0000007009000000, 0x0000007009000000|100%|HC|  |TAMS 0x0000007009000000, 0x0000007008f00000| Untracked 
| 136|0x0000007009000000, 0x0000007009100000, 0x0000007009100000|100%|HC|  |TAMS 0x0000007009100000, 0x0000007009000000| Untracked 
| 137|0x0000007009100000, 0x0000007009200000, 0x0000007009200000|100%|HC|  |TAMS 0x0000007009200000, 0x0000007009100000| Untracked 
| 138|0x0000007009200000, 0x0000007009300000, 0x0000007009300000|100%| O|  |TAMS 0x0000007009200000, 0x0000007009200000| Untracked 
| 139|0x0000007009300000, 0x0000007009400000, 0x0000007009400000|100%| O|  |TAMS 0x0000007009300000, 0x0000007009300000| Untracked 
| 140|0x0000007009400000, 0x0000007009459930, 0x0000007009500000| 34%| O|  |TAMS 0x0000007009400000, 0x0000007009400000| Untracked 
| 141|0x0000007009500000, 0x0000007009600000, 0x0000007009600000|100%| O|  |TAMS 0x0000007009500000, 0x0000007009500000| Untracked 
| 142|0x0000007009600000, 0x0000007009700000, 0x0000007009700000|100%| O|  |TAMS 0x0000007009600000, 0x0000007009600000| Untracked 
| 143|0x0000007009700000, 0x0000007009800000, 0x0000007009800000|100%| O|  |TAMS 0x0000007009700000, 0x0000007009700000| Untracked 
| 144|0x0000007009800000, 0x0000007009900000, 0x0000007009900000|100%| O|  |TAMS 0x0000007009800000, 0x0000007009800000| Untracked 
| 145|0x0000007009900000, 0x0000007009a00000, 0x0000007009a00000|100%| O|  |TAMS 0x0000007009900000, 0x0000007009900000| Untracked 
| 146|0x0000007009a00000, 0x0000007009b00000, 0x0000007009b00000|100%| O|  |TAMS 0x0000007009a00000, 0x0000007009a00000| Untracked 
| 147|0x0000007009b00000, 0x0000007009bffff8, 0x0000007009c00000| 99%| O|  |TAMS 0x0000007009b00000, 0x0000007009b00000| Untracked 
| 148|0x0000007009c00000, 0x0000007009d00000, 0x0000007009d00000|100%| O|  |TAMS 0x0000007009c00000, 0x0000007009c00000| Untracked 
| 149|0x0000007009d00000, 0x0000007009e00000, 0x0000007009e00000|100%| O|  |TAMS 0x0000007009d00000, 0x0000007009d00000| Untracked 
| 150|0x0000007009e00000, 0x0000007009f00000, 0x0000007009f00000|100%| O|  |TAMS 0x0000007009e00000, 0x0000007009e00000| Untracked 
| 151|0x0000007009f00000, 0x0000007009f26288, 0x000000700a000000| 14%| O|  |TAMS 0x0000007009f00000, 0x0000007009f00000| Untracked 
| 152|0x000000700a000000, 0x000000700a100000, 0x000000700a100000|100%| O|  |TAMS 0x000000700a000000, 0x000000700a000000| Untracked 
| 153|0x000000700a100000, 0x000000700a200000, 0x000000700a200000|100%| O|  |TAMS 0x000000700a100000, 0x000000700a100000| Untracked 
| 154|0x000000700a200000, 0x000000700a300000, 0x000000700a300000|100%| O|  |TAMS 0x000000700a200000, 0x000000700a200000| Untracked 
| 155|0x000000700a300000, 0x000000700a400000, 0x000000700a400000|100%| O|  |TAMS 0x000000700a300000, 0x000000700a300000| Untracked 
| 156|0x000000700a400000, 0x000000700a4fcb98, 0x000000700a500000| 98%| O|  |TAMS 0x000000700a400000, 0x000000700a400000| Untracked 
| 157|0x000000700a500000, 0x000000700a50aca0, 0x000000700a600000|  4%| O|  |TAMS 0x000000700a500000, 0x000000700a500000| Untracked 
| 158|0x000000700a600000, 0x000000700a700000, 0x000000700a700000|100%| O|  |TAMS 0x000000700a600000, 0x000000700a600000| Untracked 
| 159|0x000000700a700000, 0x000000700a800000, 0x000000700a800000|100%| O|  |TAMS 0x000000700a700000, 0x000000700a700000| Untracked 
| 160|0x000000700a800000, 0x000000700a900000, 0x000000700a900000|100%| O|  |TAMS 0x000000700a800000, 0x000000700a800000| Untracked 
| 161|0x000000700a900000, 0x000000700aa00000, 0x000000700aa00000|100%| O|  |TAMS 0x000000700a900000, 0x000000700a900000| Untracked 
| 162|0x000000700aa00000, 0x000000700ab00000, 0x000000700ab00000|100%| O|  |TAMS 0x000000700aa00000, 0x000000700aa00000| Untracked 
| 163|0x000000700ab00000, 0x000000700ab52400, 0x000000700ac00000| 32%| O|  |TAMS 0x000000700ab00000, 0x000000700ab00000| Untracked 
| 164|0x000000700ac00000, 0x000000700ac00000, 0x000000700ad00000|  0%| F|  |TAMS 0x000000700ac00000, 0x000000700ac00000| Untracked 
| 165|0x000000700ad00000, 0x000000700ad00000, 0x000000700ae00000|  0%| F|  |TAMS 0x000000700ad00000, 0x000000700ad00000| Untracked 
| 166|0x000000700ae00000, 0x000000700ae00000, 0x000000700af00000|  0%| F|  |TAMS 0x000000700ae00000, 0x000000700ae00000| Untracked 
| 167|0x000000700af00000, 0x000000700af00000, 0x000000700b000000|  0%| F|  |TAMS 0x000000700af00000, 0x000000700af00000| Untracked 
| 168|0x000000700b000000, 0x000000700b000000, 0x000000700b100000|  0%| F|  |TAMS 0x000000700b000000, 0x000000700b000000| Untracked 
| 169|0x000000700b100000, 0x000000700b100000, 0x000000700b200000|  0%| F|  |TAMS 0x000000700b100000, 0x000000700b100000| Untracked 
| 170|0x000000700b200000, 0x000000700b200000, 0x000000700b300000|  0%| F|  |TAMS 0x000000700b200000, 0x000000700b200000| Untracked 
| 171|0x000000700b300000, 0x000000700b300000, 0x000000700b400000|  0%| F|  |TAMS 0x000000700b300000, 0x000000700b300000| Untracked 
| 172|0x000000700b400000, 0x000000700b400000, 0x000000700b500000|  0%| F|  |TAMS 0x000000700b400000, 0x000000700b400000| Untracked 
| 173|0x000000700b500000, 0x000000700b500000, 0x000000700b600000|  0%| F|  |TAMS 0x000000700b500000, 0x000000700b500000| Untracked 
| 174|0x000000700b600000, 0x000000700b600000, 0x000000700b700000|  0%| F|  |TAMS 0x000000700b600000, 0x000000700b600000| Untracked 
| 175|0x000000700b700000, 0x000000700b700000, 0x000000700b800000|  0%| F|  |TAMS 0x000000700b700000, 0x000000700b700000| Untracked 
| 176|0x000000700b800000, 0x000000700b800000, 0x000000700b900000|  0%| F|  |TAMS 0x000000700b800000, 0x000000700b800000| Untracked 
| 177|0x000000700b900000, 0x000000700b900000, 0x000000700ba00000|  0%| F|  |TAMS 0x000000700b900000, 0x000000700b900000| Untracked 
| 178|0x000000700ba00000, 0x000000700ba00000, 0x000000700bb00000|  0%| F|  |TAMS 0x000000700ba00000, 0x000000700ba00000| Untracked 
| 179|0x000000700bb00000, 0x000000700bb00000, 0x000000700bc00000|  0%| F|  |TAMS 0x000000700bb00000, 0x000000700bb00000| Untracked 
| 180|0x000000700bc00000, 0x000000700bc00000, 0x000000700bd00000|  0%| F|  |TAMS 0x000000700bc00000, 0x000000700bc00000| Untracked 
| 181|0x000000700bd00000, 0x000000700bd00000, 0x000000700be00000|  0%| F|  |TAMS 0x000000700bd00000, 0x000000700bd00000| Untracked 
| 182|0x000000700be00000, 0x000000700be00000, 0x000000700bf00000|  0%| F|  |TAMS 0x000000700be00000, 0x000000700be00000| Untracked 
| 183|0x000000700bf00000, 0x000000700bf00000, 0x000000700c000000|  0%| F|  |TAMS 0x000000700bf00000, 0x000000700bf00000| Untracked 
| 184|0x000000700c000000, 0x000000700c000000, 0x000000700c100000|  0%| F|  |TAMS 0x000000700c000000, 0x000000700c000000| Untracked 
| 185|0x000000700c100000, 0x000000700c100000, 0x000000700c200000|  0%| F|  |TAMS 0x000000700c100000, 0x000000700c100000| Untracked 
| 186|0x000000700c200000, 0x000000700c2bc9a8, 0x000000700c300000| 73%| O|  |TAMS 0x000000700c200000, 0x000000700c200000| Untracked 
| 187|0x000000700c300000, 0x000000700c300000, 0x000000700c400000|  0%| F|  |TAMS 0x000000700c300000, 0x000000700c300000| Untracked 
| 188|0x000000700c400000, 0x000000700c400000, 0x000000700c500000|  0%| F|  |TAMS 0x000000700c400000, 0x000000700c400000| Untracked 
| 189|0x000000700c500000, 0x000000700c500000, 0x000000700c600000|  0%| F|  |TAMS 0x000000700c500000, 0x000000700c500000| Untracked 
| 190|0x000000700c600000, 0x000000700c600000, 0x000000700c700000|  0%| F|  |TAMS 0x000000700c600000, 0x000000700c600000| Untracked 
| 191|0x000000700c700000, 0x000000700c700000, 0x000000700c800000|  0%| F|  |TAMS 0x000000700c700000, 0x000000700c700000| Untracked 
| 192|0x000000700c800000, 0x000000700c800000, 0x000000700c900000|  0%| F|  |TAMS 0x000000700c800000, 0x000000700c800000| Untracked 
| 193|0x000000700c900000, 0x000000700c900000, 0x000000700ca00000|  0%| F|  |TAMS 0x000000700c900000, 0x000000700c900000| Untracked 
| 194|0x000000700ca00000, 0x000000700ca00000, 0x000000700cb00000|  0%| F|  |TAMS 0x000000700ca00000, 0x000000700ca00000| Untracked 
| 195|0x000000700cb00000, 0x000000700cb00000, 0x000000700cc00000|  0%| F|  |TAMS 0x000000700cb00000, 0x000000700cb00000| Untracked 
| 196|0x000000700cc00000, 0x000000700cc00000, 0x000000700cd00000|  0%| F|  |TAMS 0x000000700cc00000, 0x000000700cc00000| Untracked 
| 197|0x000000700cd00000, 0x000000700cd00000, 0x000000700ce00000|  0%| F|  |TAMS 0x000000700cd00000, 0x000000700cd00000| Untracked 
| 198|0x000000700ce00000, 0x000000700ce00000, 0x000000700cf00000|  0%| F|  |TAMS 0x000000700ce00000, 0x000000700ce00000| Untracked 
| 199|0x000000700cf00000, 0x000000700cf00000, 0x000000700d000000|  0%| F|  |TAMS 0x000000700cf00000, 0x000000700cf00000| Untracked 
| 200|0x000000700d000000, 0x000000700d000000, 0x000000700d100000|  0%| F|  |TAMS 0x000000700d000000, 0x000000700d000000| Untracked 
| 201|0x000000700d100000, 0x000000700d100000, 0x000000700d200000|  0%| F|  |TAMS 0x000000700d100000, 0x000000700d100000| Untracked 
| 202|0x000000700d200000, 0x000000700d200000, 0x000000700d300000|  0%| F|  |TAMS 0x000000700d200000, 0x000000700d200000| Untracked 
| 203|0x000000700d300000, 0x000000700d300000, 0x000000700d400000|  0%| F|  |TAMS 0x000000700d300000, 0x000000700d300000| Untracked 
| 204|0x000000700d400000, 0x000000700d400000, 0x000000700d500000|  0%| F|  |TAMS 0x000000700d400000, 0x000000700d400000| Untracked 
| 205|0x000000700d500000, 0x000000700d500000, 0x000000700d600000|  0%| F|  |TAMS 0x000000700d500000, 0x000000700d500000| Untracked 
| 206|0x000000700d600000, 0x000000700d600000, 0x000000700d700000|  0%| F|  |TAMS 0x000000700d600000, 0x000000700d600000| Untracked 
| 207|0x000000700d700000, 0x000000700d700000, 0x000000700d800000|  0%| F|  |TAMS 0x000000700d700000, 0x000000700d700000| Untracked 
| 208|0x000000700d800000, 0x000000700d800000, 0x000000700d900000|  0%| F|  |TAMS 0x000000700d800000, 0x000000700d800000| Untracked 
| 209|0x000000700d900000, 0x000000700d900000, 0x000000700da00000|  0%| F|  |TAMS 0x000000700d900000, 0x000000700d900000| Untracked 
| 210|0x000000700da00000, 0x000000700da00000, 0x000000700db00000|  0%| F|  |TAMS 0x000000700da00000, 0x000000700da00000| Untracked 
| 211|0x000000700db00000, 0x000000700db00000, 0x000000700dc00000|  0%| F|  |TAMS 0x000000700db00000, 0x000000700db00000| Untracked 
| 212|0x000000700dc00000, 0x000000700dc00000, 0x000000700dd00000|  0%| F|  |TAMS 0x000000700dc00000, 0x000000700dc00000| Untracked 
| 213|0x000000700dd00000, 0x000000700dd00000, 0x000000700de00000|  0%| F|  |TAMS 0x000000700dd00000, 0x000000700dd00000| Untracked 
| 214|0x000000700de00000, 0x000000700de00000, 0x000000700df00000|  0%| F|  |TAMS 0x000000700de00000, 0x000000700de00000| Untracked 
| 215|0x000000700df00000, 0x000000700df00000, 0x000000700e000000|  0%| F|  |TAMS 0x000000700df00000, 0x000000700df00000| Untracked 
| 216|0x000000700e000000, 0x000000700e000000, 0x000000700e100000|  0%| F|  |TAMS 0x000000700e000000, 0x000000700e000000| Untracked 
| 217|0x000000700e100000, 0x000000700e100000, 0x000000700e200000|  0%| F|  |TAMS 0x000000700e100000, 0x000000700e100000| Untracked 
| 218|0x000000700e200000, 0x000000700e200000, 0x000000700e300000|  0%| F|  |TAMS 0x000000700e200000, 0x000000700e200000| Untracked 
| 219|0x000000700e300000, 0x000000700e300000, 0x000000700e400000|  0%| F|  |TAMS 0x000000700e300000, 0x000000700e300000| Untracked 
| 220|0x000000700e400000, 0x000000700e400000, 0x000000700e500000|  0%| F|  |TAMS 0x000000700e400000, 0x000000700e400000| Untracked 
| 221|0x000000700e500000, 0x000000700e500000, 0x000000700e600000|  0%| F|  |TAMS 0x000000700e500000, 0x000000700e500000| Untracked 
| 222|0x000000700e600000, 0x000000700e600000, 0x000000700e700000|  0%| F|  |TAMS 0x000000700e600000, 0x000000700e600000| Untracked 
| 223|0x000000700e700000, 0x000000700e700000, 0x000000700e800000|  0%| F|  |TAMS 0x000000700e700000, 0x000000700e700000| Untracked 
| 224|0x000000700e800000, 0x000000700e800000, 0x000000700e900000|  0%| F|  |TAMS 0x000000700e800000, 0x000000700e800000| Untracked 
| 225|0x000000700e900000, 0x000000700e900000, 0x000000700ea00000|  0%| F|  |TAMS 0x000000700e900000, 0x000000700e900000| Untracked 
| 226|0x000000700ea00000, 0x000000700ea00000, 0x000000700eb00000|  0%| F|  |TAMS 0x000000700ea00000, 0x000000700ea00000| Untracked 
| 227|0x000000700eb00000, 0x000000700eb00000, 0x000000700ec00000|  0%| F|  |TAMS 0x000000700eb00000, 0x000000700eb00000| Untracked 
| 228|0x000000700ec00000, 0x000000700ec00000, 0x000000700ed00000|  0%| F|  |TAMS 0x000000700ec00000, 0x000000700ec00000| Untracked 
| 229|0x000000700ed00000, 0x000000700ed00000, 0x000000700ee00000|  0%| F|  |TAMS 0x000000700ed00000, 0x000000700ed00000| Untracked 
| 230|0x000000700ee00000, 0x000000700ee00000, 0x000000700ef00000|  0%| F|  |TAMS 0x000000700ee00000, 0x000000700ee00000| Untracked 
| 231|0x000000700ef00000, 0x000000700ef00000, 0x000000700f000000|  0%| F|  |TAMS 0x000000700ef00000, 0x000000700ef00000| Untracked 
| 232|0x000000700f000000, 0x000000700f000000, 0x000000700f100000|  0%| F|  |TAMS 0x000000700f000000, 0x000000700f000000| Untracked 
| 233|0x000000700f100000, 0x000000700f100000, 0x000000700f200000|  0%| F|  |TAMS 0x000000700f100000, 0x000000700f100000| Untracked 
| 234|0x000000700f200000, 0x000000700f200000, 0x000000700f300000|  0%| F|  |TAMS 0x000000700f200000, 0x000000700f200000| Untracked 
| 235|0x000000700f300000, 0x000000700f300000, 0x000000700f400000|  0%| F|  |TAMS 0x000000700f300000, 0x000000700f300000| Untracked 
| 236|0x000000700f400000, 0x000000700f400000, 0x000000700f500000|  0%| F|  |TAMS 0x000000700f400000, 0x000000700f400000| Untracked 
| 237|0x000000700f500000, 0x000000700f500000, 0x000000700f600000|  0%| F|  |TAMS 0x000000700f500000, 0x000000700f500000| Untracked 
| 238|0x000000700f600000, 0x000000700f600000, 0x000000700f700000|  0%| F|  |TAMS 0x000000700f600000, 0x000000700f600000| Untracked 
| 239|0x000000700f700000, 0x000000700f700000, 0x000000700f800000|  0%| F|  |TAMS 0x000000700f700000, 0x000000700f700000| Untracked 
| 240|0x000000700f800000, 0x000000700f800000, 0x000000700f900000|  0%| F|  |TAMS 0x000000700f800000, 0x000000700f800000| Untracked 
| 241|0x000000700f900000, 0x000000700f900000, 0x000000700fa00000|  0%| F|  |TAMS 0x000000700f900000, 0x000000700f900000| Untracked 
| 242|0x000000700fa00000, 0x000000700fa00000, 0x000000700fb00000|  0%| F|  |TAMS 0x000000700fa00000, 0x000000700fa00000| Untracked 
| 243|0x000000700fb00000, 0x000000700fb00000, 0x000000700fc00000|  0%| F|  |TAMS 0x000000700fb00000, 0x000000700fb00000| Untracked 
| 244|0x000000700fc00000, 0x000000700fc00000, 0x000000700fd00000|  0%| F|  |TAMS 0x000000700fc00000, 0x000000700fc00000| Untracked 
| 245|0x000000700fd00000, 0x000000700fd00000, 0x000000700fe00000|  0%| F|  |TAMS 0x000000700fd00000, 0x000000700fd00000| Untracked 
| 246|0x000000700fe00000, 0x000000700fe00000, 0x000000700ff00000|  0%| F|  |TAMS 0x000000700fe00000, 0x000000700fe00000| Untracked 
| 247|0x000000700ff00000, 0x000000700ffa6d80, 0x0000007010000000| 65%| S|CS|TAMS 0x000000700ff00000, 0x000000700ff00000| Complete 
| 248|0x0000007010000000, 0x0000007010100000, 0x0000007010100000|100%| S|CS|TAMS 0x0000007010000000, 0x0000007010000000| Complete 
| 249|0x0000007010100000, 0x0000007010200000, 0x0000007010200000|100%| S|CS|TAMS 0x0000007010100000, 0x0000007010100000| Complete 
| 250|0x0000007010200000, 0x0000007010300000, 0x0000007010300000|100%| S|CS|TAMS 0x0000007010200000, 0x0000007010200000| Complete 
| 251|0x0000007010300000, 0x0000007010400000, 0x0000007010400000|100%| S|CS|TAMS 0x0000007010300000, 0x0000007010300000| Complete 
| 252|0x0000007010400000, 0x0000007010500000, 0x0000007010500000|100%| S|CS|TAMS 0x0000007010400000, 0x0000007010400000| Complete 
| 253|0x0000007010500000, 0x0000007010600000, 0x0000007010600000|100%| S|CS|TAMS 0x0000007010500000, 0x0000007010500000| Complete 
| 254|0x0000007010600000, 0x0000007010700000, 0x0000007010700000|100%| S|CS|TAMS 0x0000007010600000, 0x0000007010600000| Complete 
| 255|0x0000007010700000, 0x0000007010800000, 0x0000007010800000|100%| S|CS|TAMS 0x0000007010700000, 0x0000007010700000| Complete 
| 256|0x0000007010800000, 0x0000007010900000, 0x0000007010900000|100%| S|CS|TAMS 0x0000007010800000, 0x0000007010800000| Complete 
| 257|0x0000007010900000, 0x0000007010a00000, 0x0000007010a00000|100%| S|CS|TAMS 0x0000007010900000, 0x0000007010900000| Complete 
| 258|0x0000007010a00000, 0x0000007010b00000, 0x0000007010b00000|100%| S|CS|TAMS 0x0000007010a00000, 0x0000007010a00000| Complete 
| 259|0x0000007010b00000, 0x0000007010c00000, 0x0000007010c00000|100%| S|CS|TAMS 0x0000007010b00000, 0x0000007010b00000| Complete 
| 260|0x0000007010c00000, 0x0000007010d00000, 0x0000007010d00000|100%| S|CS|TAMS 0x0000007010c00000, 0x0000007010c00000| Complete 
| 261|0x0000007010d00000, 0x0000007010e00000, 0x0000007010e00000|100%| S|CS|TAMS 0x0000007010d00000, 0x0000007010d00000| Complete 
| 262|0x0000007010e00000, 0x0000007010f00000, 0x0000007010f00000|100%| S|CS|TAMS 0x0000007010e00000, 0x0000007010e00000| Complete 
| 263|0x0000007010f00000, 0x0000007011000000, 0x0000007011000000|100%| S|CS|TAMS 0x0000007010f00000, 0x0000007010f00000| Complete 
| 264|0x0000007011000000, 0x0000007011100000, 0x0000007011100000|100%| S|CS|TAMS 0x0000007011000000, 0x0000007011000000| Complete 
| 265|0x0000007011100000, 0x0000007011200000, 0x0000007011200000|100%| S|CS|TAMS 0x0000007011100000, 0x0000007011100000| Complete 
| 266|0x0000007011200000, 0x0000007011300000, 0x0000007011300000|100%| S|CS|TAMS 0x0000007011200000, 0x0000007011200000| Complete 
| 267|0x0000007011300000, 0x0000007011400000, 0x0000007011400000|100%| S|CS|TAMS 0x0000007011300000, 0x0000007011300000| Complete 
| 268|0x0000007011400000, 0x0000007011400000, 0x0000007011500000|  0%| F|  |TAMS 0x0000007011400000, 0x0000007011400000| Untracked 
| 269|0x0000007011500000, 0x0000007011500000, 0x0000007011600000|  0%| F|  |TAMS 0x0000007011500000, 0x0000007011500000| Untracked 
| 270|0x0000007011600000, 0x0000007011600000, 0x0000007011700000|  0%| F|  |TAMS 0x0000007011600000, 0x0000007011600000| Untracked 
| 271|0x0000007011700000, 0x0000007011700000, 0x0000007011800000|  0%| F|  |TAMS 0x0000007011700000, 0x0000007011700000| Untracked 
| 272|0x0000007011800000, 0x0000007011800000, 0x0000007011900000|  0%| F|  |TAMS 0x0000007011800000, 0x0000007011800000| Untracked 
| 273|0x0000007011900000, 0x0000007011900000, 0x0000007011a00000|  0%| F|  |TAMS 0x0000007011900000, 0x0000007011900000| Untracked 
| 274|0x0000007011a00000, 0x0000007011a00000, 0x0000007011b00000|  0%| F|  |TAMS 0x0000007011a00000, 0x0000007011a00000| Untracked 
| 275|0x0000007011b00000, 0x0000007011b00000, 0x0000007011c00000|  0%| F|  |TAMS 0x0000007011b00000, 0x0000007011b00000| Untracked 
| 276|0x0000007011c00000, 0x0000007011c00000, 0x0000007011d00000|  0%| F|  |TAMS 0x0000007011c00000, 0x0000007011c00000| Untracked 
| 277|0x0000007011d00000, 0x0000007011d00000, 0x0000007011e00000|  0%| F|  |TAMS 0x0000007011d00000, 0x0000007011d00000| Untracked 
| 278|0x0000007011e00000, 0x0000007011e00000, 0x0000007011f00000|  0%| F|  |TAMS 0x0000007011e00000, 0x0000007011e00000| Untracked 
| 279|0x0000007011f00000, 0x0000007011f00000, 0x0000007012000000|  0%| F|  |TAMS 0x0000007011f00000, 0x0000007011f00000| Untracked 
| 280|0x0000007012000000, 0x0000007012000000, 0x0000007012100000|  0%| F|  |TAMS 0x0000007012000000, 0x0000007012000000| Untracked 
| 281|0x0000007012100000, 0x0000007012100000, 0x0000007012200000|  0%| F|  |TAMS 0x0000007012100000, 0x0000007012100000| Untracked 
| 282|0x0000007012200000, 0x0000007012200000, 0x0000007012300000|  0%| F|  |TAMS 0x0000007012200000, 0x0000007012200000| Untracked 
| 283|0x0000007012300000, 0x0000007012300000, 0x0000007012400000|  0%| F|  |TAMS 0x0000007012300000, 0x0000007012300000| Untracked 
| 284|0x0000007012400000, 0x0000007012400000, 0x0000007012500000|  0%| F|  |TAMS 0x0000007012400000, 0x0000007012400000| Untracked 
| 285|0x0000007012500000, 0x0000007012500000, 0x0000007012600000|  0%| F|  |TAMS 0x0000007012500000, 0x0000007012500000| Untracked 
| 286|0x0000007012600000, 0x0000007012600000, 0x0000007012700000|  0%| F|  |TAMS 0x0000007012600000, 0x0000007012600000| Untracked 
| 287|0x0000007012700000, 0x0000007012700000, 0x0000007012800000|  0%| F|  |TAMS 0x0000007012700000, 0x0000007012700000| Untracked 
| 288|0x0000007012800000, 0x0000007012800000, 0x0000007012900000|  0%| F|  |TAMS 0x0000007012800000, 0x0000007012800000| Untracked 
| 289|0x0000007012900000, 0x0000007012900000, 0x0000007012a00000|  0%| F|  |TAMS 0x0000007012900000, 0x0000007012900000| Untracked 
| 290|0x0000007012a00000, 0x0000007012a00000, 0x0000007012b00000|  0%| F|  |TAMS 0x0000007012a00000, 0x0000007012a00000| Untracked 
| 291|0x0000007012b00000, 0x0000007012b00000, 0x0000007012c00000|  0%| F|  |TAMS 0x0000007012b00000, 0x0000007012b00000| Untracked 
| 292|0x0000007012c00000, 0x0000007012c00000, 0x0000007012d00000|  0%| F|  |TAMS 0x0000007012c00000, 0x0000007012c00000| Untracked 
| 293|0x0000007012d00000, 0x0000007012d00000, 0x0000007012e00000|  0%| F|  |TAMS 0x0000007012d00000, 0x0000007012d00000| Untracked 
| 294|0x0000007012e00000, 0x0000007012e00000, 0x0000007012f00000|  0%| F|  |TAMS 0x0000007012e00000, 0x0000007012e00000| Untracked 
| 295|0x0000007012f00000, 0x0000007012f00000, 0x0000007013000000|  0%| F|  |TAMS 0x0000007012f00000, 0x0000007012f00000| Untracked 
| 296|0x0000007013000000, 0x0000007013000000, 0x0000007013100000|  0%| F|  |TAMS 0x0000007013000000, 0x0000007013000000| Untracked 
| 297|0x0000007013100000, 0x0000007013100000, 0x0000007013200000|  0%| F|  |TAMS 0x0000007013100000, 0x0000007013100000| Untracked 
| 298|0x0000007013200000, 0x0000007013200000, 0x0000007013300000|  0%| F|  |TAMS 0x0000007013200000, 0x0000007013200000| Untracked 
| 299|0x0000007013300000, 0x0000007013300000, 0x0000007013400000|  0%| F|  |TAMS 0x0000007013300000, 0x0000007013300000| Untracked 
| 300|0x0000007013400000, 0x0000007013400000, 0x0000007013500000|  0%| F|  |TAMS 0x0000007013400000, 0x0000007013400000| Untracked 
| 301|0x0000007013500000, 0x0000007013500000, 0x0000007013600000|  0%| F|  |TAMS 0x0000007013500000, 0x0000007013500000| Untracked 
| 302|0x0000007013600000, 0x0000007013600000, 0x0000007013700000|  0%| F|  |TAMS 0x0000007013600000, 0x0000007013600000| Untracked 
| 303|0x0000007013700000, 0x0000007013700000, 0x0000007013800000|  0%| F|  |TAMS 0x0000007013700000, 0x0000007013700000| Untracked 
| 304|0x0000007013800000, 0x0000007013800000, 0x0000007013900000|  0%| F|  |TAMS 0x0000007013800000, 0x0000007013800000| Untracked 
| 305|0x0000007013900000, 0x0000007013900000, 0x0000007013a00000|  0%| F|  |TAMS 0x0000007013900000, 0x0000007013900000| Untracked 
| 306|0x0000007013a00000, 0x0000007013a00000, 0x0000007013b00000|  0%| F|  |TAMS 0x0000007013a00000, 0x0000007013a00000| Untracked 
| 307|0x0000007013b00000, 0x0000007013b00000, 0x0000007013c00000|  0%| F|  |TAMS 0x0000007013b00000, 0x0000007013b00000| Untracked 
| 308|0x0000007013c00000, 0x0000007013c00000, 0x0000007013d00000|  0%| F|  |TAMS 0x0000007013c00000, 0x0000007013c00000| Untracked 
| 309|0x0000007013d00000, 0x0000007013d00000, 0x0000007013e00000|  0%| F|  |TAMS 0x0000007013d00000, 0x0000007013d00000| Untracked 
| 310|0x0000007013e00000, 0x0000007013e00000, 0x0000007013f00000|  0%| F|  |TAMS 0x0000007013e00000, 0x0000007013e00000| Untracked 
| 311|0x0000007013f00000, 0x0000007013f00000, 0x0000007014000000|  0%| F|  |TAMS 0x0000007013f00000, 0x0000007013f00000| Untracked 
| 312|0x0000007014000000, 0x0000007014000000, 0x0000007014100000|  0%| F|  |TAMS 0x0000007014000000, 0x0000007014000000| Untracked 
| 313|0x0000007014100000, 0x0000007014100000, 0x0000007014200000|  0%| F|  |TAMS 0x0000007014100000, 0x0000007014100000| Untracked 
| 314|0x0000007014200000, 0x0000007014200000, 0x0000007014300000|  0%| F|  |TAMS 0x0000007014200000, 0x0000007014200000| Untracked 
| 315|0x0000007014300000, 0x0000007014300000, 0x0000007014400000|  0%| F|  |TAMS 0x0000007014300000, 0x0000007014300000| Untracked 
| 316|0x0000007014400000, 0x0000007014400000, 0x0000007014500000|  0%| F|  |TAMS 0x0000007014400000, 0x0000007014400000| Untracked 
| 317|0x0000007014500000, 0x0000007014500000, 0x0000007014600000|  0%| F|  |TAMS 0x0000007014500000, 0x0000007014500000| Untracked 
| 318|0x0000007014600000, 0x0000007014600000, 0x0000007014700000|  0%| F|  |TAMS 0x0000007014600000, 0x0000007014600000| Untracked 
| 319|0x0000007014700000, 0x0000007014700000, 0x0000007014800000|  0%| F|  |TAMS 0x0000007014700000, 0x0000007014700000| Untracked 
| 320|0x0000007014800000, 0x0000007014800000, 0x0000007014900000|  0%| F|  |TAMS 0x0000007014800000, 0x0000007014800000| Untracked 
| 321|0x0000007014900000, 0x0000007014900000, 0x0000007014a00000|  0%| F|  |TAMS 0x0000007014900000, 0x0000007014900000| Untracked 
| 322|0x0000007014a00000, 0x0000007014a00000, 0x0000007014b00000|  0%| F|  |TAMS 0x0000007014a00000, 0x0000007014a00000| Untracked 
| 323|0x0000007014b00000, 0x0000007014b00000, 0x0000007014c00000|  0%| F|  |TAMS 0x0000007014b00000, 0x0000007014b00000| Untracked 
| 324|0x0000007014c00000, 0x0000007014c00000, 0x0000007014d00000|  0%| F|  |TAMS 0x0000007014c00000, 0x0000007014c00000| Untracked 
| 325|0x0000007014d00000, 0x0000007014d00000, 0x0000007014e00000|  0%| F|  |TAMS 0x0000007014d00000, 0x0000007014d00000| Untracked 
| 326|0x0000007014e00000, 0x0000007014e00000, 0x0000007014f00000|  0%| F|  |TAMS 0x0000007014e00000, 0x0000007014e00000| Untracked 
| 327|0x0000007014f00000, 0x0000007014f00000, 0x0000007015000000|  0%| F|  |TAMS 0x0000007014f00000, 0x0000007014f00000| Untracked 
| 328|0x0000007015000000, 0x0000007015000000, 0x0000007015100000|  0%| F|  |TAMS 0x0000007015000000, 0x0000007015000000| Untracked 
| 329|0x0000007015100000, 0x0000007015100000, 0x0000007015200000|  0%| F|  |TAMS 0x0000007015100000, 0x0000007015100000| Untracked 
| 330|0x0000007015200000, 0x0000007015200000, 0x0000007015300000|  0%| F|  |TAMS 0x0000007015200000, 0x0000007015200000| Untracked 
| 331|0x0000007015300000, 0x0000007015300000, 0x0000007015400000|  0%| F|  |TAMS 0x0000007015300000, 0x0000007015300000| Untracked 
| 332|0x0000007015400000, 0x0000007015400000, 0x0000007015500000|  0%| F|  |TAMS 0x0000007015400000, 0x0000007015400000| Untracked 
| 333|0x0000007015500000, 0x0000007015500000, 0x0000007015600000|  0%| F|  |TAMS 0x0000007015500000, 0x0000007015500000| Untracked 
| 334|0x0000007015600000, 0x0000007015600000, 0x0000007015700000|  0%| F|  |TAMS 0x0000007015600000, 0x0000007015600000| Untracked 
| 335|0x0000007015700000, 0x0000007015700000, 0x0000007015800000|  0%| F|  |TAMS 0x0000007015700000, 0x0000007015700000| Untracked 
| 336|0x0000007015800000, 0x0000007015800000, 0x0000007015900000|  0%| F|  |TAMS 0x0000007015800000, 0x0000007015800000| Untracked 
| 337|0x0000007015900000, 0x0000007015900000, 0x0000007015a00000|  0%| F|  |TAMS 0x0000007015900000, 0x0000007015900000| Untracked 
| 338|0x0000007015a00000, 0x0000007015a00000, 0x0000007015b00000|  0%| F|  |TAMS 0x0000007015a00000, 0x0000007015a00000| Untracked 
| 339|0x0000007015b00000, 0x0000007015b00000, 0x0000007015c00000|  0%| F|  |TAMS 0x0000007015b00000, 0x0000007015b00000| Untracked 
| 340|0x0000007015c00000, 0x0000007015c00000, 0x0000007015d00000|  0%| F|  |TAMS 0x0000007015c00000, 0x0000007015c00000| Untracked 
| 341|0x0000007015d00000, 0x0000007015d00000, 0x0000007015e00000|  0%| F|  |TAMS 0x0000007015d00000, 0x0000007015d00000| Untracked 
| 342|0x0000007015e00000, 0x0000007015e00000, 0x0000007015f00000|  0%| F|  |TAMS 0x0000007015e00000, 0x0000007015e00000| Untracked 
| 343|0x0000007015f00000, 0x0000007015f00000, 0x0000007016000000|  0%| F|  |TAMS 0x0000007015f00000, 0x0000007015f00000| Untracked 
| 344|0x0000007016000000, 0x0000007016000000, 0x0000007016100000|  0%| F|  |TAMS 0x0000007016000000, 0x0000007016000000| Untracked 
| 345|0x0000007016100000, 0x0000007016100000, 0x0000007016200000|  0%| F|  |TAMS 0x0000007016100000, 0x0000007016100000| Untracked 
| 346|0x0000007016200000, 0x0000007016200000, 0x0000007016300000|  0%| F|  |TAMS 0x0000007016200000, 0x0000007016200000| Untracked 
| 347|0x0000007016300000, 0x0000007016300000, 0x0000007016400000|  0%| F|  |TAMS 0x0000007016300000, 0x0000007016300000| Untracked 
| 348|0x0000007016400000, 0x0000007016400000, 0x0000007016500000|  0%| F|  |TAMS 0x0000007016400000, 0x0000007016400000| Untracked 
| 349|0x0000007016500000, 0x0000007016500000, 0x0000007016600000|  0%| F|  |TAMS 0x0000007016500000, 0x0000007016500000| Untracked 
| 350|0x0000007016600000, 0x0000007016600000, 0x0000007016700000|  0%| F|  |TAMS 0x0000007016600000, 0x0000007016600000| Untracked 
| 351|0x0000007016700000, 0x0000007016700000, 0x0000007016800000|  0%| F|  |TAMS 0x0000007016700000, 0x0000007016700000| Untracked 
| 352|0x0000007016800000, 0x0000007016800000, 0x0000007016900000|  0%| F|  |TAMS 0x0000007016800000, 0x0000007016800000| Untracked 
| 353|0x0000007016900000, 0x0000007016900000, 0x0000007016a00000|  0%| F|  |TAMS 0x0000007016900000, 0x0000007016900000| Untracked 
| 354|0x0000007016a00000, 0x0000007016a00000, 0x0000007016b00000|  0%| F|  |TAMS 0x0000007016a00000, 0x0000007016a00000| Untracked 
| 355|0x0000007016b00000, 0x0000007016b00000, 0x0000007016c00000|  0%| F|  |TAMS 0x0000007016b00000, 0x0000007016b00000| Untracked 
| 356|0x0000007016c00000, 0x0000007016c00000, 0x0000007016d00000|  0%| F|  |TAMS 0x0000007016c00000, 0x0000007016c00000| Untracked 
| 357|0x0000007016d00000, 0x0000007016d00000, 0x0000007016e00000|  0%| F|  |TAMS 0x0000007016d00000, 0x0000007016d00000| Untracked 
| 358|0x0000007016e00000, 0x0000007016e00000, 0x0000007016f00000|  0%| F|  |TAMS 0x0000007016e00000, 0x0000007016e00000| Untracked 
| 359|0x0000007016f00000, 0x0000007016f00000, 0x0000007017000000|  0%| F|  |TAMS 0x0000007016f00000, 0x0000007016f00000| Untracked 
| 360|0x0000007017000000, 0x0000007017000000, 0x0000007017100000|  0%| F|  |TAMS 0x0000007017000000, 0x0000007017000000| Untracked 
| 361|0x0000007017100000, 0x0000007017100000, 0x0000007017200000|  0%| F|  |TAMS 0x0000007017100000, 0x0000007017100000| Untracked 
| 362|0x0000007017200000, 0x0000007017200000, 0x0000007017300000|  0%| F|  |TAMS 0x0000007017200000, 0x0000007017200000| Untracked 
| 363|0x0000007017300000, 0x0000007017300000, 0x0000007017400000|  0%| F|  |TAMS 0x0000007017300000, 0x0000007017300000| Untracked 
| 364|0x0000007017400000, 0x0000007017400000, 0x0000007017500000|  0%| F|  |TAMS 0x0000007017400000, 0x0000007017400000| Untracked 
| 365|0x0000007017500000, 0x0000007017500000, 0x0000007017600000|  0%| F|  |TAMS 0x0000007017500000, 0x0000007017500000| Untracked 
| 366|0x0000007017600000, 0x0000007017600000, 0x0000007017700000|  0%| F|  |TAMS 0x0000007017600000, 0x0000007017600000| Untracked 
| 367|0x0000007017700000, 0x0000007017700000, 0x0000007017800000|  0%| F|  |TAMS 0x0000007017700000, 0x0000007017700000| Untracked 
| 368|0x0000007017800000, 0x0000007017800000, 0x0000007017900000|  0%| F|  |TAMS 0x0000007017800000, 0x0000007017800000| Untracked 
| 369|0x0000007017900000, 0x0000007017900000, 0x0000007017a00000|  0%| F|  |TAMS 0x0000007017900000, 0x0000007017900000| Untracked 
| 370|0x0000007017a00000, 0x0000007017a00000, 0x0000007017b00000|  0%| F|  |TAMS 0x0000007017a00000, 0x0000007017a00000| Untracked 
| 371|0x0000007017b00000, 0x0000007017b00000, 0x0000007017c00000|  0%| F|  |TAMS 0x0000007017b00000, 0x0000007017b00000| Untracked 
| 372|0x0000007017c00000, 0x0000007017c00000, 0x0000007017d00000|  0%| F|  |TAMS 0x0000007017c00000, 0x0000007017c00000| Untracked 
| 373|0x0000007017d00000, 0x0000007017d00000, 0x0000007017e00000|  0%| F|  |TAMS 0x0000007017d00000, 0x0000007017d00000| Untracked 
| 374|0x0000007017e00000, 0x0000007017e00000, 0x0000007017f00000|  0%| F|  |TAMS 0x0000007017e00000, 0x0000007017e00000| Untracked 
| 375|0x0000007017f00000, 0x0000007017f00000, 0x0000007018000000|  0%| F|  |TAMS 0x0000007017f00000, 0x0000007017f00000| Untracked 
| 376|0x0000007018000000, 0x0000007018000000, 0x0000007018100000|  0%| F|  |TAMS 0x0000007018000000, 0x0000007018000000| Untracked 
| 377|0x0000007018100000, 0x0000007018100000, 0x0000007018200000|  0%| F|  |TAMS 0x0000007018100000, 0x0000007018100000| Untracked 
| 378|0x0000007018200000, 0x0000007018200000, 0x0000007018300000|  0%| F|  |TAMS 0x0000007018200000, 0x0000007018200000| Untracked 
| 379|0x0000007018300000, 0x0000007018300000, 0x0000007018400000|  0%| F|  |TAMS 0x0000007018300000, 0x0000007018300000| Untracked 
| 380|0x0000007018400000, 0x0000007018400000, 0x0000007018500000|  0%| F|  |TAMS 0x0000007018400000, 0x0000007018400000| Untracked 
| 381|0x0000007018500000, 0x0000007018500000, 0x0000007018600000|  0%| F|  |TAMS 0x0000007018500000, 0x0000007018500000| Untracked 
| 382|0x0000007018600000, 0x0000007018600000, 0x0000007018700000|  0%| F|  |TAMS 0x0000007018600000, 0x0000007018600000| Untracked 
| 383|0x0000007018700000, 0x0000007018700000, 0x0000007018800000|  0%| F|  |TAMS 0x0000007018700000, 0x0000007018700000| Untracked 
| 384|0x0000007018800000, 0x0000007018800000, 0x0000007018900000|  0%| F|  |TAMS 0x0000007018800000, 0x0000007018800000| Untracked 
| 385|0x0000007018900000, 0x0000007018900000, 0x0000007018a00000|  0%| F|  |TAMS 0x0000007018900000, 0x0000007018900000| Untracked 
| 386|0x0000007018a00000, 0x0000007018a00000, 0x0000007018b00000|  0%| F|  |TAMS 0x0000007018a00000, 0x0000007018a00000| Untracked 
| 387|0x0000007018b00000, 0x0000007018b00000, 0x0000007018c00000|  0%| F|  |TAMS 0x0000007018b00000, 0x0000007018b00000| Untracked 
| 388|0x0000007018c00000, 0x0000007018c00000, 0x0000007018d00000|  0%| F|  |TAMS 0x0000007018c00000, 0x0000007018c00000| Untracked 
| 389|0x0000007018d00000, 0x0000007018d00000, 0x0000007018e00000|  0%| F|  |TAMS 0x0000007018d00000, 0x0000007018d00000| Untracked 
| 390|0x0000007018e00000, 0x0000007018e00000, 0x0000007018f00000|  0%| F|  |TAMS 0x0000007018e00000, 0x0000007018e00000| Untracked 
| 391|0x0000007018f00000, 0x0000007018f00000, 0x0000007019000000|  0%| F|  |TAMS 0x0000007018f00000, 0x0000007018f00000| Untracked 
| 392|0x0000007019000000, 0x0000007019000000, 0x0000007019100000|  0%| F|  |TAMS 0x0000007019000000, 0x0000007019000000| Untracked 
| 393|0x0000007019100000, 0x0000007019100000, 0x0000007019200000|  0%| F|  |TAMS 0x0000007019100000, 0x0000007019100000| Untracked 
| 394|0x0000007019200000, 0x0000007019200000, 0x0000007019300000|  0%| F|  |TAMS 0x0000007019200000, 0x0000007019200000| Untracked 
| 395|0x0000007019300000, 0x0000007019300000, 0x0000007019400000|  0%| F|  |TAMS 0x0000007019300000, 0x0000007019300000| Untracked 
| 396|0x0000007019400000, 0x0000007019400000, 0x0000007019500000|  0%| F|  |TAMS 0x0000007019400000, 0x0000007019400000| Untracked 
| 397|0x0000007019500000, 0x0000007019500000, 0x0000007019600000|  0%| F|  |TAMS 0x0000007019500000, 0x0000007019500000| Untracked 
| 398|0x0000007019600000, 0x0000007019600000, 0x0000007019700000|  0%| F|  |TAMS 0x0000007019600000, 0x0000007019600000| Untracked 
| 399|0x0000007019700000, 0x0000007019700000, 0x0000007019800000|  0%| F|  |TAMS 0x0000007019700000, 0x0000007019700000| Untracked 
| 400|0x0000007019800000, 0x0000007019800000, 0x0000007019900000|  0%| F|  |TAMS 0x0000007019800000, 0x0000007019800000| Untracked 
| 401|0x0000007019900000, 0x0000007019900000, 0x0000007019a00000|  0%| F|  |TAMS 0x0000007019900000, 0x0000007019900000| Untracked 
| 402|0x0000007019a00000, 0x0000007019a00000, 0x0000007019b00000|  0%| F|  |TAMS 0x0000007019a00000, 0x0000007019a00000| Untracked 
| 403|0x0000007019b00000, 0x0000007019b00000, 0x0000007019c00000|  0%| F|  |TAMS 0x0000007019b00000, 0x0000007019b00000| Untracked 
| 404|0x0000007019c00000, 0x0000007019c00000, 0x0000007019d00000|  0%| F|  |TAMS 0x0000007019c00000, 0x0000007019c00000| Untracked 
| 405|0x0000007019d00000, 0x0000007019d00000, 0x0000007019e00000|  0%| F|  |TAMS 0x0000007019d00000, 0x0000007019d00000| Untracked 
| 406|0x0000007019e00000, 0x0000007019e00000, 0x0000007019f00000|  0%| F|  |TAMS 0x0000007019e00000, 0x0000007019e00000| Untracked 
| 407|0x0000007019f00000, 0x0000007019f00000, 0x000000701a000000|  0%| F|  |TAMS 0x0000007019f00000, 0x0000007019f00000| Untracked 
| 408|0x000000701a000000, 0x000000701a000000, 0x000000701a100000|  0%| F|  |TAMS 0x000000701a000000, 0x000000701a000000| Untracked 
| 409|0x000000701a100000, 0x000000701a100000, 0x000000701a200000|  0%| F|  |TAMS 0x000000701a100000, 0x000000701a100000| Untracked 
| 410|0x000000701a200000, 0x000000701a200000, 0x000000701a300000|  0%| F|  |TAMS 0x000000701a200000, 0x000000701a200000| Untracked 
| 411|0x000000701a300000, 0x000000701a300000, 0x000000701a400000|  0%| F|  |TAMS 0x000000701a300000, 0x000000701a300000| Untracked 
| 412|0x000000701a400000, 0x000000701a400000, 0x000000701a500000|  0%| F|  |TAMS 0x000000701a400000, 0x000000701a400000| Untracked 
| 413|0x000000701a500000, 0x000000701a500000, 0x000000701a600000|  0%| F|  |TAMS 0x000000701a500000, 0x000000701a500000| Untracked 
| 414|0x000000701a600000, 0x000000701a600000, 0x000000701a700000|  0%| F|  |TAMS 0x000000701a600000, 0x000000701a600000| Untracked 
| 415|0x000000701a700000, 0x000000701a700000, 0x000000701a800000|  0%| F|  |TAMS 0x000000701a700000, 0x000000701a700000| Untracked 
| 416|0x000000701a800000, 0x000000701a800000, 0x000000701a900000|  0%| F|  |TAMS 0x000000701a800000, 0x000000701a800000| Untracked 
| 417|0x000000701a900000, 0x000000701a900000, 0x000000701aa00000|  0%| F|  |TAMS 0x000000701a900000, 0x000000701a900000| Untracked 
| 418|0x000000701aa00000, 0x000000701aa00000, 0x000000701ab00000|  0%| F|  |TAMS 0x000000701aa00000, 0x000000701aa00000| Untracked 
| 419|0x000000701ab00000, 0x000000701ab00000, 0x000000701ac00000|  0%| F|  |TAMS 0x000000701ab00000, 0x000000701ab00000| Untracked 
| 420|0x000000701ac00000, 0x000000701ac00000, 0x000000701ad00000|  0%| F|  |TAMS 0x000000701ac00000, 0x000000701ac00000| Untracked 
| 421|0x000000701ad00000, 0x000000701ad00000, 0x000000701ae00000|  0%| F|  |TAMS 0x000000701ad00000, 0x000000701ad00000| Untracked 
| 422|0x000000701ae00000, 0x000000701ae00000, 0x000000701af00000|  0%| F|  |TAMS 0x000000701ae00000, 0x000000701ae00000| Untracked 
| 423|0x000000701af00000, 0x000000701af00000, 0x000000701b000000|  0%| F|  |TAMS 0x000000701af00000, 0x000000701af00000| Untracked 
| 424|0x000000701b000000, 0x000000701b000000, 0x000000701b100000|  0%| F|  |TAMS 0x000000701b000000, 0x000000701b000000| Untracked 
| 425|0x000000701b100000, 0x000000701b100000, 0x000000701b200000|  0%| F|  |TAMS 0x000000701b100000, 0x000000701b100000| Untracked 
| 426|0x000000701b200000, 0x000000701b200000, 0x000000701b300000|  0%| F|  |TAMS 0x000000701b200000, 0x000000701b200000| Untracked 
| 427|0x000000701b300000, 0x000000701b300000, 0x000000701b400000|  0%| F|  |TAMS 0x000000701b300000, 0x000000701b300000| Untracked 
| 428|0x000000701b400000, 0x000000701b400000, 0x000000701b500000|  0%| F|  |TAMS 0x000000701b400000, 0x000000701b400000| Untracked 
| 429|0x000000701b500000, 0x000000701b500000, 0x000000701b600000|  0%| F|  |TAMS 0x000000701b500000, 0x000000701b500000| Untracked 
| 430|0x000000701b600000, 0x000000701b600000, 0x000000701b700000|  0%| F|  |TAMS 0x000000701b600000, 0x000000701b600000| Untracked 
| 431|0x000000701b700000, 0x000000701b700000, 0x000000701b800000|  0%| F|  |TAMS 0x000000701b700000, 0x000000701b700000| Untracked 
| 432|0x000000701b800000, 0x000000701b800000, 0x000000701b900000|  0%| F|  |TAMS 0x000000701b800000, 0x000000701b800000| Untracked 
| 433|0x000000701b900000, 0x000000701b900000, 0x000000701ba00000|  0%| F|  |TAMS 0x000000701b900000, 0x000000701b900000| Untracked 
| 434|0x000000701ba00000, 0x000000701baf95c8, 0x000000701bb00000| 97%| E|  |TAMS 0x000000701ba00000, 0x000000701ba00000| Complete 
| 435|0x000000701bb00000, 0x000000701bc00000, 0x000000701bc00000|100%| E|CS|TAMS 0x000000701bb00000, 0x000000701bb00000| Complete 
| 436|0x000000701bc00000, 0x000000701bd00000, 0x000000701bd00000|100%| E|CS|TAMS 0x000000701bc00000, 0x000000701bc00000| Complete 
| 437|0x000000701bd00000, 0x000000701be00000, 0x000000701be00000|100%| E|CS|TAMS 0x000000701bd00000, 0x000000701bd00000| Complete 
| 438|0x000000701be00000, 0x000000701bf00000, 0x000000701bf00000|100%| E|CS|TAMS 0x000000701be00000, 0x000000701be00000| Complete 
| 439|0x000000701bf00000, 0x000000701c000000, 0x000000701c000000|100%| E|CS|TAMS 0x000000701bf00000, 0x000000701bf00000| Complete 
| 440|0x000000701c000000, 0x000000701c100000, 0x000000701c100000|100%| E|CS|TAMS 0x000000701c000000, 0x000000701c000000| Complete 
| 441|0x000000701c100000, 0x000000701c200000, 0x000000701c200000|100%| E|CS|TAMS 0x000000701c100000, 0x000000701c100000| Complete 
| 442|0x000000701c200000, 0x000000701c300000, 0x000000701c300000|100%| E|CS|TAMS 0x000000701c200000, 0x000000701c200000| Complete 
| 443|0x000000701c300000, 0x000000701c400000, 0x000000701c400000|100%| E|CS|TAMS 0x000000701c300000, 0x000000701c300000| Complete 
| 444|0x000000701c400000, 0x000000701c500000, 0x000000701c500000|100%| E|CS|TAMS 0x000000701c400000, 0x000000701c400000| Complete 
| 445|0x000000701c500000, 0x000000701c600000, 0x000000701c600000|100%| E|CS|TAMS 0x000000701c500000, 0x000000701c500000| Complete 
| 446|0x000000701c600000, 0x000000701c700000, 0x000000701c700000|100%| E|CS|TAMS 0x000000701c600000, 0x000000701c600000| Complete 
| 447|0x000000701c700000, 0x000000701c800000, 0x000000701c800000|100%| E|CS|TAMS 0x000000701c700000, 0x000000701c700000| Complete 
| 448|0x000000701c800000, 0x000000701c900000, 0x000000701c900000|100%| E|CS|TAMS 0x000000701c800000, 0x000000701c800000| Complete 
| 449|0x000000701c900000, 0x000000701ca00000, 0x000000701ca00000|100%| E|CS|TAMS 0x000000701c900000, 0x000000701c900000| Complete 
| 450|0x000000701ca00000, 0x000000701cb00000, 0x000000701cb00000|100%| E|CS|TAMS 0x000000701ca00000, 0x000000701ca00000| Complete 
| 451|0x000000701cb00000, 0x000000701cc00000, 0x000000701cc00000|100%| E|CS|TAMS 0x000000701cb00000, 0x000000701cb00000| Complete 
| 452|0x000000701cc00000, 0x000000701cd00000, 0x000000701cd00000|100%| E|CS|TAMS 0x000000701cc00000, 0x000000701cc00000| Complete 
| 453|0x000000701cd00000, 0x000000701ce00000, 0x000000701ce00000|100%| E|CS|TAMS 0x000000701cd00000, 0x000000701cd00000| Complete 
| 454|0x000000701ce00000, 0x000000701cf00000, 0x000000701cf00000|100%| E|CS|TAMS 0x000000701ce00000, 0x000000701ce00000| Complete 
| 455|0x000000701cf00000, 0x000000701d000000, 0x000000701d000000|100%| E|CS|TAMS 0x000000701cf00000, 0x000000701cf00000| Complete 
| 456|0x000000701d000000, 0x000000701d100000, 0x000000701d100000|100%| E|CS|TAMS 0x000000701d000000, 0x000000701d000000| Complete 
| 457|0x000000701d100000, 0x000000701d200000, 0x000000701d200000|100%| E|CS|TAMS 0x000000701d100000, 0x000000701d100000| Complete 
| 458|0x000000701d200000, 0x000000701d300000, 0x000000701d300000|100%| E|CS|TAMS 0x000000701d200000, 0x000000701d200000| Complete 
| 459|0x000000701d300000, 0x000000701d400000, 0x000000701d400000|100%| E|CS|TAMS 0x000000701d300000, 0x000000701d300000| Complete 
| 460|0x000000701d400000, 0x000000701d500000, 0x000000701d500000|100%| E|CS|TAMS 0x000000701d400000, 0x000000701d400000| Complete 
| 461|0x000000701d500000, 0x000000701d600000, 0x000000701d600000|100%| E|CS|TAMS 0x000000701d500000, 0x000000701d500000| Complete 
| 462|0x000000701d600000, 0x000000701d700000, 0x000000701d700000|100%| E|CS|TAMS 0x000000701d600000, 0x000000701d600000| Complete 
| 463|0x000000701d700000, 0x000000701d800000, 0x000000701d800000|100%| E|CS|TAMS 0x000000701d700000, 0x000000701d700000| Complete 
| 464|0x000000701d800000, 0x000000701d900000, 0x000000701d900000|100%| E|CS|TAMS 0x000000701d800000, 0x000000701d800000| Complete 
| 465|0x000000701d900000, 0x000000701da00000, 0x000000701da00000|100%| E|CS|TAMS 0x000000701d900000, 0x000000701d900000| Complete 
| 466|0x000000701da00000, 0x000000701db00000, 0x000000701db00000|100%| E|CS|TAMS 0x000000701da00000, 0x000000701da00000| Complete 
| 467|0x000000701db00000, 0x000000701dc00000, 0x000000701dc00000|100%| E|CS|TAMS 0x000000701db00000, 0x000000701db00000| Complete 
| 468|0x000000701dc00000, 0x000000701dd00000, 0x000000701dd00000|100%| E|CS|TAMS 0x000000701dc00000, 0x000000701dc00000| Complete 
| 469|0x000000701dd00000, 0x000000701de00000, 0x000000701de00000|100%| E|CS|TAMS 0x000000701dd00000, 0x000000701dd00000| Complete 
| 470|0x000000701de00000, 0x000000701df00000, 0x000000701df00000|100%| E|CS|TAMS 0x000000701de00000, 0x000000701de00000| Complete 
| 471|0x000000701df00000, 0x000000701e000000, 0x000000701e000000|100%| E|CS|TAMS 0x000000701df00000, 0x000000701df00000| Complete 
| 472|0x000000701e000000, 0x000000701e100000, 0x000000701e100000|100%| E|CS|TAMS 0x000000701e000000, 0x000000701e000000| Complete 
| 473|0x000000701e100000, 0x000000701e200000, 0x000000701e200000|100%| E|CS|TAMS 0x000000701e100000, 0x000000701e100000| Complete 
| 474|0x000000701e200000, 0x000000701e300000, 0x000000701e300000|100%| E|CS|TAMS 0x000000701e200000, 0x000000701e200000| Complete 
| 475|0x000000701e300000, 0x000000701e400000, 0x000000701e400000|100%| E|CS|TAMS 0x000000701e300000, 0x000000701e300000| Complete 
| 476|0x000000701e400000, 0x000000701e500000, 0x000000701e500000|100%| E|CS|TAMS 0x000000701e400000, 0x000000701e400000| Complete 
| 477|0x000000701e500000, 0x000000701e600000, 0x000000701e600000|100%| E|CS|TAMS 0x000000701e500000, 0x000000701e500000| Complete 
|2046|0x0000007080600000, 0x0000007080674000, 0x0000007080700000| 45%|OA|  |TAMS 0x0000007080674000, 0x0000007080600000| Untracked 
|2047|0x0000007080700000, 0x0000007080774000, 0x0000007080800000| 45%|CA|  |TAMS 0x0000007080774000, 0x0000007080700000| Untracked 

Card table byte_map: [0x000000010a400000,0x000000010a800000] _byte_map_base: 0x00000000d23fc000

Marking Bits (Prev, Next): (CMBitMap*) 0x00000001007aeed0, (CMBitMap*) 0x00000001007aef10
 Prev Bits: [0x0000000122b7c000, 0x0000000124b7c000)
 Next Bits: [0x0000000124b7c000, 0x0000000126b7c000)

Polling page: 0x00000001000f4000

Metaspace:

Usage:
  Non-class:    158.67 MB used.
      Class:     24.04 MB used.
       Both:    182.71 MB used.

Virtual space:
  Non-class space:      192.00 MB reserved,     159.44 MB ( 83%) committed,  3 nodes.
      Class space:        1.00 GB reserved,      24.75 MB (  2%) committed,  1 nodes.
             Both:        1.19 GB reserved,     184.19 MB ( 15%) committed. 

Chunk freelists:
   Non-Class:  16.36 MB
       Class:  7.22 MB
        Both:  23.58 MB

MaxMetaspaceSize: unlimited
CompressedClassSpaceSize: 1.00 GB
Initial GC threshold: 21.00 MB
Current GC threshold: 306.50 MB
CDS: on
MetaspaceReclaimPolicy: balanced
 - commit_granule_bytes: 65536.
 - commit_granule_words: 8192.
 - virtual_space_node_default_size: 8388608.
 - enlarge_chunks_in_place: 1.
 - new_chunks_are_fully_committed: 0.
 - uncommit_free_chunks: 1.
 - use_allocation_guard: 0.
 - handle_deallocations: 1.


Internal statistics:

num_allocs_failed_limit: 6.
num_arena_births: 3386.
num_arena_deaths: 928.
num_vsnodes_births: 4.
num_vsnodes_deaths: 0.
num_space_committed: 3069.
num_space_uncommitted: 123.
num_chunks_returned_to_freelist: 1519.
num_chunks_taken_from_freelist: 12232.
num_chunk_merges: 576.
num_chunk_splits: 7810.
num_chunks_enlarged: 5086.
num_inconsistent_stats: 0.

CodeHeap 'non-profiled nmethods': size=120032Kb used=22442Kb max_used=22442Kb free=97589Kb
 bounds [0x000000011b644000, 0x000000011cc34000, 0x0000000122b7c000]
CodeHeap 'profiled nmethods': size=120016Kb used=52147Kb max_used=52147Kb free=67868Kb
 bounds [0x0000000113b7c000, 0x0000000116e6c000, 0x000000011b0b0000]
CodeHeap 'non-nmethods': size=5712Kb used=1858Kb max_used=2025Kb free=3854Kb
 bounds [0x000000011b0b0000, 0x000000011b320000, 0x000000011b644000]
 total_blobs=27538 nmethods=26354 adapters=1097
 compilation: enabled
              stopped_count=0, restarted_count=0
 full_count=0

Compilation events (20 events):
Event: 60990.306 Thread 0x0000007c38d4aa00 nmethod 33916 0x0000000116e63090 code [0x0000000116e63380, 0x0000000116e63ff8]
Event: 60990.306 Thread 0x0000007c38d4a400 33917       4       org.gradle.execution.plan.DefaultPlanExecutor$MergedQueues::executionState (103 bytes)
Event: 60990.306 Thread 0x0000007c38d4aa00 33918  s!   3       org.gradle.internal.concurrent.CompositeStoppable::stop (132 bytes)
Event: 60990.307 Thread 0x0000007c38d4aa00 nmethod 33918 0x0000000116e64490 code [0x0000000116e64800, 0x0000000116e65a28]
Event: 60990.308 Thread 0x0000007c38d4aa00 33920       3       org.gradle.cache.internal.DefaultFileLockManager$DefaultFileLock::lockInformationRegion (15 bytes)
Event: 60990.310 Thread 0x0000007c38d4aa00 nmethod 33920 0x0000000116e66090 code [0x0000000116e66300, 0x0000000116e66a38]
Event: 60990.310 Thread 0x0000007c38d4aa00 33922  s    3       sun.nio.ch.FileLockImpl::release (78 bytes)
Event: 60990.311 Thread 0x0000007c38d4aa00 nmethod 33922 0x0000000116e66d10 code [0x0000000116e66fc0, 0x0000000116e67bc8]
Event: 60990.311 Thread 0x0000007c38d4aa00 33921       3       org.gradle.cache.internal.DefaultFileLockManager$DefaultFileLock$$Lambda$101/0x000000a00111d8e8::<init> (15 bytes)
Event: 60990.311 Thread 0x0000007c38d4aa00 nmethod 33921 0x0000000116e67e90 code [0x0000000116e68040, 0x0000000116e68258]
Event: 60990.311 Thread 0x0000007c38d4aa00 33924       3       org.gradle.internal.problems.failure.CompositeStackTraceClassifier::classify (51 bytes)
Event: 60990.311 Thread 0x0000007c38d4aa00 nmethod 33924 0x0000000116e68310 code [0x0000000116e68540, 0x0000000116e68c18]
Event: 60990.311 Thread 0x0000007c38d4aa00 33925       3       org.gradle.internal.problems.failure.InternalStackTraceClassifier::classify (18 bytes)
Event: 60990.311 Thread 0x0000007c38d4aa00 nmethod 33925 0x0000000116e68e10 code [0x0000000116e68fc0, 0x0000000116e691c8]
Event: 60990.311 Thread 0x0000007c38d4aa00 33926 %     3       org.gradle.internal.problems.failure.DefaultFailureFactory$Job::classify @ 21 (96 bytes)
Event: 60990.311 Thread 0x0000007c38d4aa00 nmethod 33926% 0x0000000116e69290 code [0x0000000116e69640, 0x0000000116e6a678]
Event: 60990.311 Thread 0x0000007c38d4aa00 33927       3       org.gradle.internal.logging.sink.OutputEventListenerManager$1::onOutput (33 bytes)
Event: 60990.311 Thread 0x0000007c38d4aa00 nmethod 33927 0x0000000116e6ac10 code [0x0000000116e6ae00, 0x0000000116e6b1b8]
Event: 60990.313 Thread 0x0000007c38d4a400 nmethod 33917 0x000000011cc2bd10 code [0x000000011cc2c080, 0x000000011cc2d1e0]
Event: 60990.313 Thread 0x0000007c38d4a400 33923       4       org.codehaus.groovy.runtime.StackTraceUtils::isApplicationClass (84 bytes)

GC Heap History (20 events):
Event: 9374.561 GC heap before
{Heap before GC invocations=61 (full 1):
 garbage-first heap   total 674816K, used 518202K [0x0000007000800000, 0x0000007080800000)
  region size 1024K, 214 young (219136K), 13 survivors (13312K)
 Metaspace       used 189919K, committed 191360K, reserved 1245184K
  class space    used 24862K, committed 25600K, reserved 1048576K
}
Event: 9374.566 GC heap after
{Heap after GC invocations=62 (full 1):
 garbage-first heap   total 674816K, used 329588K [0x0000007000800000, 0x0000007080800000)
  region size 1024K, 27 young (27648K), 27 survivors (27648K)
 Metaspace       used 189919K, committed 191360K, reserved 1245184K
  class space    used 24862K, committed 25600K, reserved 1048576K
}
Event: 11240.474 GC heap before
{Heap before GC invocations=62 (full 1):
 garbage-first heap   total 674816K, used 528244K [0x0000007000800000, 0x0000007080800000)
  region size 1024K, 222 young (227328K), 27 survivors (27648K)
 Metaspace       used 190547K, committed 192064K, reserved 1245184K
  class space    used 24900K, committed 25664K, reserved 1048576K
}
Event: 11240.492 GC heap after
{Heap after GC invocations=63 (full 1):
 garbage-first heap   total 674816K, used 336817K [0x0000007000800000, 0x0000007080800000)
  region size 1024K, 9 young (9216K), 9 survivors (9216K)
 Metaspace       used 190547K, committed 192064K, reserved 1245184K
  class space    used 24900K, committed 25664K, reserved 1048576K
}
Event: 12954.619 GC heap before
{Heap before GC invocations=63 (full 1):
 garbage-first heap   total 674816K, used 512945K [0x0000007000800000, 0x0000007080800000)
  region size 1024K, 183 young (187392K), 9 survivors (9216K)
 Metaspace       used 190779K, committed 192320K, reserved 1245184K
  class space    used 24916K, committed 25664K, reserved 1048576K
}
Event: 12954.779 GC heap after
{Heap after GC invocations=64 (full 2):
 garbage-first heap   total 491520K, used 139929K [0x0000007000800000, 0x0000007080800000)
  region size 1024K, 0 young (0K), 0 survivors (0K)
 Metaspace       used 186374K, committed 188288K, reserved 1245184K
  class space    used 24526K, committed 25344K, reserved 1048576K
}
Event: 15410.478 GC heap before
{Heap before GC invocations=64 (full 2):
 garbage-first heap   total 491520K, used 363161K [0x0000007000800000, 0x0000007080800000)
  region size 1024K, 219 young (224256K), 0 survivors (0K)
 Metaspace       used 186479K, committed 188288K, reserved 1245184K
  class space    used 24531K, committed 25344K, reserved 1048576K
}
Event: 15410.526 GC heap after
{Heap after GC invocations=65 (full 2):
 garbage-first heap   total 491520K, used 160409K [0x0000007000800000, 0x0000007080800000)
  region size 1024K, 20 young (20480K), 20 survivors (20480K)
 Metaspace       used 186479K, committed 188288K, reserved 1245184K
  class space    used 24531K, committed 25344K, reserved 1048576K
}
Event: 27399.759 GC heap before
{Heap before GC invocations=65 (full 2):
 garbage-first heap   total 491520K, used 370329K [0x0000007000800000, 0x0000007080800000)
  region size 1024K, 225 young (230400K), 20 survivors (20480K)
 Metaspace       used 186487K, committed 188288K, reserved 1245184K
  class space    used 24532K, committed 25344K, reserved 1048576K
}
Event: 27399.782 GC heap after
{Heap after GC invocations=66 (full 2):
 garbage-first heap   total 491520K, used 162111K [0x0000007000800000, 0x0000007080800000)
  region size 1024K, 2 young (2048K), 2 survivors (2048K)
 Metaspace       used 186487K, committed 188288K, reserved 1245184K
  class space    used 24532K, committed 25344K, reserved 1048576K
}
Event: 40922.300 GC heap before
{Heap before GC invocations=66 (full 2):
 garbage-first heap   total 491520K, used 381247K [0x0000007000800000, 0x0000007080800000)
  region size 1024K, 216 young (221184K), 2 survivors (2048K)
 Metaspace       used 186487K, committed 188288K, reserved 1245184K
  class space    used 24532K, committed 25344K, reserved 1048576K
}
Event: 40922.309 GC heap after
{Heap after GC invocations=67 (full 2):
 garbage-first heap   total 491520K, used 160731K [0x0000007000800000, 0x0000007080800000)
  region size 1024K, 1 young (1024K), 1 survivors (1024K)
 Metaspace       used 186487K, committed 188288K, reserved 1245184K
  class space    used 24532K, committed 25344K, reserved 1048576K
}
Event: 47409.702 GC heap before
{Heap before GC invocations=67 (full 2):
 garbage-first heap   total 491520K, used 390107K [0x0000007000800000, 0x0000007080800000)
  region size 1024K, 226 young (231424K), 1 survivors (1024K)
 Metaspace       used 186819K, committed 188352K, reserved 1245184K
  class space    used 24598K, committed 25344K, reserved 1048576K
}
Event: 47409.707 GC heap after
{Heap after GC invocations=68 (full 2):
 garbage-first heap   total 491520K, used 171427K [0x0000007000800000, 0x0000007080800000)
  region size 1024K, 12 young (12288K), 12 survivors (12288K)
 Metaspace       used 186819K, committed 188352K, reserved 1245184K
  class space    used 24598K, committed 25344K, reserved 1048576K
}
Event: 47523.667 GC heap before
{Heap before GC invocations=68 (full 2):
 garbage-first heap   total 491520K, used 390563K [0x0000007000800000, 0x0000007080800000)
  region size 1024K, 227 young (232448K), 12 survivors (12288K)
 Metaspace       used 186949K, committed 188416K, reserved 1245184K
  class space    used 24608K, committed 25344K, reserved 1048576K
}
Event: 47523.670 GC heap after
{Heap after GC invocations=69 (full 2):
 garbage-first heap   total 491520K, used 168820K [0x0000007000800000, 0x0000007080800000)
  region size 1024K, 9 young (9216K), 9 survivors (9216K)
 Metaspace       used 186949K, committed 188416K, reserved 1245184K
  class space    used 24608K, committed 25344K, reserved 1048576K
}
Event: 47609.876 GC heap before
{Heap before GC invocations=69 (full 2):
 garbage-first heap   total 491520K, used 395124K [0x0000007000800000, 0x0000007080800000)
  region size 1024K, 231 young (236544K), 9 survivors (9216K)
 Metaspace       used 187082K, committed 188608K, reserved 1245184K
  class space    used 24615K, committed 25344K, reserved 1048576K
}
Event: 47609.881 GC heap after
{Heap after GC invocations=70 (full 2):
 garbage-first heap   total 491520K, used 178373K [0x0000007000800000, 0x0000007080800000)
  region size 1024K, 18 young (18432K), 18 survivors (18432K)
 Metaspace       used 187082K, committed 188608K, reserved 1245184K
  class space    used 24615K, committed 25344K, reserved 1048576K
}
Event: 58947.291 GC heap before
{Heap before GC invocations=70 (full 2):
 garbage-first heap   total 491520K, used 393413K [0x0000007000800000, 0x0000007080800000)
  region size 1024K, 228 young (233472K), 18 survivors (18432K)
 Metaspace       used 187087K, committed 188608K, reserved 1245184K
  class space    used 24615K, committed 25344K, reserved 1048576K
}
Event: 58947.323 GC heap after
{Heap after GC invocations=71 (full 2):
 garbage-first heap   total 491520K, used 183933K [0x0000007000800000, 0x0000007080800000)
  region size 1024K, 21 young (21504K), 21 survivors (21504K)
 Metaspace       used 187087K, committed 188608K, reserved 1245184K
  class space    used 24615K, committed 25344K, reserved 1048576K
}

Dll operation events (14 events):
Event: 0.003 Loaded shared library /Users/wzw/tools/jdk-17.0.20.1+1/Contents/Home/lib/libjava.dylib
Event: 0.023 Loaded shared library /Users/wzw/tools/jdk-17.0.20.1+1/Contents/Home/lib/libzip.dylib
Event: 0.023 Loaded shared library /Users/wzw/tools/jdk-17.0.20.1+1/Contents/Home/lib/libinstrument.dylib
Event: 0.024 Loaded shared library /Users/wzw/tools/jdk-17.0.20.1+1/Contents/Home/lib/libnio.dylib
Event: 0.026 Loaded shared library /Users/wzw/tools/jdk-17.0.20.1+1/Contents/Home/lib/libzip.dylib
Event: 0.075 Loaded shared library /Users/wzw/tools/jdk-17.0.20.1+1/Contents/Home/lib/libjimage.dylib
Event: 0.115 Loaded shared library /Users/wzw/tools/jdk-17.0.20.1+1/Contents/Home/lib/libverify.dylib
Event: 0.121 Loaded shared library /Users/wzw/tools/jdk-17.0.20.1+1/Contents/Home/lib/libnet.dylib
Event: 0.125 Loaded shared library /Volumes/disk/AppData/工具目录/.gradle/native/1def1411415f61bf3af743bc5b6707747c0891f09f0c88961ee8f79bc544acac/osx-aarch64/libnative-platform.dylib
Event: 0.132 Loaded shared library /Volumes/disk/AppData/工具目录/.gradle/native/0.2.8/aarch64-macos/libgradle-fileevents.dylib
Event: 0.393 Loaded shared library /Users/wzw/tools/jdk-17.0.20.1+1/Contents/Home/lib/libmanagement.dylib
Event: 0.393 Loaded shared library /Users/wzw/tools/jdk-17.0.20.1+1/Contents/Home/lib/libmanagement_ext.dylib
Event: 0.424 Loaded shared library /Users/wzw/tools/jdk-17.0.20.1+1/Contents/Home/lib/libextnet.dylib
Event: 7357.404 Loaded shared library /Users/wzw/tools/jdk-17.0.20.1+1/Contents/Home/lib/librmi.dylib

Deoptimization events (20 events):
Event: 60990.306 Thread 0x0000007c33aeb000 Uncommon trap: trap_request=0xffffff45 fr.pc=0x000000011c66af6c relative=0x000000000000282c
Event: 60990.306 Thread 0x0000007c33aeb000 Uncommon trap: reason=unstable_if action=reinterpret pc=0x000000011c66af6c method=org.gradle.internal.concurrent.CompositeStoppable.stop()V @ 93 c2
Event: 60990.306 Thread 0x0000007c33aeb000 DEOPT PACKING pc=0x000000011c66af6c sp=0x0000000173c40910
Event: 60990.306 Thread 0x0000007c33aeb000 DEOPT UNPACKING pc=0x000000011b0f791c sp=0x0000000173c40840 mode 2
Event: 60990.307 Thread 0x0000007c33aeb000 Uncommon trap: trap_request=0xffffff45 fr.pc=0x000000011c7759f4 relative=0x0000000000000474
Event: 60990.307 Thread 0x0000007c33aeb000 Uncommon trap: reason=unstable_if action=reinterpret pc=0x000000011c7759f4 method=org.gradle.internal.concurrent.CompositeStoppable.stop()V @ 93 c2
Event: 60990.307 Thread 0x0000007c33aeb000 DEOPT PACKING pc=0x000000011c7759f4 sp=0x0000000173c409a0
Event: 60990.307 Thread 0x0000007c33aeb000 DEOPT UNPACKING pc=0x000000011b0f791c sp=0x0000000173c40920 mode 2
Event: 60990.307 Thread 0x0000007c33aeb000 Uncommon trap: trap_request=0xffffff45 fr.pc=0x000000011c7759f4 relative=0x0000000000000474
Event: 60990.307 Thread 0x0000007c33aeb000 Uncommon trap: reason=unstable_if action=reinterpret pc=0x000000011c7759f4 method=org.gradle.internal.concurrent.CompositeStoppable.stop()V @ 93 c2
Event: 60990.307 Thread 0x0000007c33aeb000 DEOPT PACKING pc=0x000000011c7759f4 sp=0x0000000173c40aa0
Event: 60990.307 Thread 0x0000007c33aeb000 DEOPT UNPACKING pc=0x000000011b0f791c sp=0x0000000173c40a20 mode 2
Event: 60990.307 Thread 0x0000007c33aeb000 Uncommon trap: trap_request=0xffffff45 fr.pc=0x000000011c7759f4 relative=0x0000000000000474
Event: 60990.307 Thread 0x0000007c33aeb000 Uncommon trap: reason=unstable_if action=reinterpret pc=0x000000011c7759f4 method=org.gradle.internal.concurrent.CompositeStoppable.stop()V @ 93 c2
Event: 60990.307 Thread 0x0000007c33aeb000 DEOPT PACKING pc=0x000000011c7759f4 sp=0x0000000173c40bb0
Event: 60990.307 Thread 0x0000007c33aeb000 DEOPT UNPACKING pc=0x000000011b0f791c sp=0x0000000173c40b30 mode 2
Event: 60990.307 Thread 0x0000007c33aeb000 Uncommon trap: trap_request=0xffffff45 fr.pc=0x000000011c7759f4 relative=0x0000000000000474
Event: 60990.307 Thread 0x0000007c33aeb000 Uncommon trap: reason=unstable_if action=reinterpret pc=0x000000011c7759f4 method=org.gradle.internal.concurrent.CompositeStoppable.stop()V @ 93 c2
Event: 60990.307 Thread 0x0000007c33aeb000 DEOPT PACKING pc=0x000000011c7759f4 sp=0x0000000173c40d00
Event: 60990.307 Thread 0x0000007c33aeb000 DEOPT UNPACKING pc=0x000000011b0f791c sp=0x0000000173c40c80 mode 2

Classes loaded (20 events):
Event: 9355.198 Loading class java/text/MessageFormat
Event: 9355.198 Loading class java/text/MessageFormat done
Event: 9355.214 Loading class java/text/ChoiceFormat
Event: 9355.214 Loading class java/text/ChoiceFormat done
Event: 9355.694 Loading class java/util/zip/ZipInputStream
Event: 9355.694 Loading class java/util/zip/ZipInputStream done
Event: 9355.695 Loading class java/nio/file/SimpleFileVisitor
Event: 9355.695 Loading class java/nio/file/SimpleFileVisitor done
Event: 9356.240 Loading class jdk/internal/reflect/UnsafeStaticObjectFieldAccessorImpl
Event: 9356.240 Loading class jdk/internal/reflect/UnsafeStaticObjectFieldAccessorImpl done
Event: 9358.327 Loading class java/rmi/server/Unreferenced
Event: 9358.327 Loading class java/rmi/server/Unreferenced done
Event: 12954.779 Loading class sun/rmi/transport/ObjectTable$1
Event: 12954.780 Loading class sun/rmi/transport/ObjectTable$1 done
Event: 13382.251 Loading class java/lang/ProcessBuilder$NullInputStream
Event: 13382.252 Loading class java/lang/ProcessBuilder$NullInputStream done
Event: 47409.660 Loading class java/util/regex/Pattern$SliceU
Event: 47409.660 Loading class java/util/regex/Pattern$SliceU done
Event: 60990.287 Loading class java/util/zip/DataFormatException
Event: 60990.287 Loading class java/util/zip/DataFormatException done

Classes unloaded (20 events):
Event: 12954.679 Thread 0x00000001007b6e00 Unloading class 0x000000a0020a8400 'jdk/internal/reflect/GeneratedConstructorAccessor243'
Event: 12954.679 Thread 0x00000001007b6e00 Unloading class 0x000000a0020a8000 'jdk/internal/reflect/GeneratedConstructorAccessor242'
Event: 12954.679 Thread 0x00000001007b6e00 Unloading class 0x000000a001f84800 'jdk/internal/reflect/GeneratedMethodAccessor100'
Event: 12954.679 Thread 0x00000001007b6e00 Unloading class 0x000000a00178b000 'jdk/internal/reflect/GeneratedSerializationConstructorAccessor92'
Event: 12954.679 Thread 0x00000001007b6e00 Unloading class 0x000000a001e58800 'java/lang/invoke/LambdaForm$DMH+0x000000a001e58800'
Event: 12954.679 Thread 0x00000001007b6e00 Unloading class 0x000000a001cac430 'Build_gradle$3$1'
Event: 12954.679 Thread 0x00000001007b6e00 Unloading class 0x000000a001cac228 'org/gradle/kotlin/dsl/Accessors1spejyockt5xtx3uac7st1dloKt'
Event: 12954.679 Thread 0x00000001007b6e00 Unloading class 0x000000a001cac000 'Build_gradle$3'
Event: 12954.679 Thread 0x00000001007b6e00 Unloading class 0x000000a001ca1cd0 'Build_gradle$2'
Event: 12954.679 Thread 0x00000001007b6e00 Unloading class 0x000000a001ca1aa8 'Build_gradle$1$1$$Lambda$1703+0x000000a001ca1aa8'
Event: 12954.679 Thread 0x00000001007b6e00 Unloading class 0x000000a001ca1880 'Build_gradle$1$1$$Lambda$1702+0x000000a001ca1880'
Event: 12954.679 Thread 0x00000001007b6e00 Unloading class 0x000000a001ca1658 'Build_gradle$1$1$$Lambda$1701+0x000000a001ca1658'
Event: 12954.679 Thread 0x00000001007b6e00 Unloading class 0x000000a001ca1430 'Build_gradle$1$1$$Lambda$1700+0x000000a001ca1430'
Event: 12954.680 Thread 0x00000001007b6e00 Unloading class 0x000000a001ca1228 'org/gradle/kotlin/dsl/Accessors65onlkz7wi9d6j1g3lnezq9mgKt'
Event: 12954.680 Thread 0x00000001007b6e00 Unloading class 0x000000a001ca1000 'Build_gradle$1$1'
Event: 12954.680 Thread 0x00000001007b6e00 Unloading class 0x000000a001ca05e8 'org/gradle/kotlin/dsl/Accessorsday62rkn635o3axdkt6lf4wsoKt'
Event: 12954.680 Thread 0x00000001007b6e00 Unloading class 0x000000a001ca03c0 'Build_gradle$1'
Event: 12954.680 Thread 0x00000001007b6e00 Unloading class 0x000000a001ca0000 'Build_gradle'
Event: 12954.680 Thread 0x00000001007b6e00 Unloading class 0x000000a001c90400 'Program'
Event: 12954.680 Thread 0x00000001007b6e00 Unloading class 0x000000a001084400 'java/lang/invoke/LambdaForm$DMH+0x000000a001084400'

Classes redefined (0 events):
No events

Internal exceptions (20 events):
Event: 60990.311 Thread 0x0000007c33aeb000 Exception <a 'java/io/IOException'{0x000000701bd7d430}> (0x000000701bd7d430) 
thrown [src/hotspot/share/prims/jni.cpp, line 516]
Event: 60990.311 Thread 0x0000007c33aeb000 Exception <a 'java/io/IOException'{0x000000701bd7dd28}> (0x000000701bd7dd28) 
thrown [src/hotspot/share/prims/jni.cpp, line 516]
Event: 60990.311 Thread 0x0000007c33aeb000 Exception <a 'java/io/IOException'{0x000000701bd7e620}> (0x000000701bd7e620) 
thrown [src/hotspot/share/prims/jni.cpp, line 516]
Event: 60990.311 Thread 0x0000007c33aeb000 Exception <a 'java/io/IOException'{0x000000701bd7ef18}> (0x000000701bd7ef18) 
thrown [src/hotspot/share/prims/jni.cpp, line 516]
Event: 60990.311 Thread 0x0000007c33aeb000 Exception <a 'java/io/IOException'{0x000000701bd7f858}> (0x000000701bd7f858) 
thrown [src/hotspot/share/prims/jni.cpp, line 516]
Event: 60990.311 Thread 0x0000007c33aeb000 Exception <a 'java/io/IOException'{0x000000701bd800f0}> (0x000000701bd800f0) 
thrown [src/hotspot/share/prims/jni.cpp, line 516]
Event: 60990.311 Thread 0x0000007c33aeb000 Exception <a 'java/io/IOException'{0x000000701bd80e38}> (0x000000701bd80e38) 
thrown [src/hotspot/share/prims/jni.cpp, line 516]
Event: 60990.311 Thread 0x0000007c33aeb000 Exception <a 'java/io/IOException'{0x000000701bd81730}> (0x000000701bd81730) 
thrown [src/hotspot/share/prims/jni.cpp, line 516]
Event: 60990.311 Thread 0x0000007c33aeb000 Exception <a 'java/io/IOException'{0x000000701bd82028}> (0x000000701bd82028) 
thrown [src/hotspot/share/prims/jni.cpp, line 516]
Event: 60990.311 Thread 0x0000007c33aeb000 Exception <a 'java/io/IOException'{0x000000701bd82980}> (0x000000701bd82980) 
thrown [src/hotspot/share/prims/jni.cpp, line 516]
Event: 60990.311 Thread 0x0000007c33aeb000 Exception <a 'java/io/IOException'{0x000000701bd83218}> (0x000000701bd83218) 
thrown [src/hotspot/share/prims/jni.cpp, line 516]
Event: 60990.311 Thread 0x0000007c33aeb000 Exception <a 'java/io/IOException'{0x000000701bd83f48}> (0x000000701bd83f48) 
thrown [src/hotspot/share/prims/jni.cpp, line 516]
Event: 60990.311 Thread 0x0000007c33aeb000 Exception <a 'java/io/IOException'{0x000000701bd84840}> (0x000000701bd84840) 
thrown [src/hotspot/share/prims/jni.cpp, line 516]
Event: 60990.311 Thread 0x0000007c33aeb000 Exception <a 'java/io/IOException'{0x000000701bd85138}> (0x000000701bd85138) 
thrown [src/hotspot/share/prims/jni.cpp, line 516]
Event: 60990.311 Thread 0x0000007c33aeb000 Exception <a 'java/io/IOException'{0x000000701bd85a60}> (0x000000701bd85a60) 
thrown [src/hotspot/share/prims/jni.cpp, line 516]
Event: 60990.311 Thread 0x0000007c33aeb000 Exception <a 'java/io/IOException'{0x000000701bd862f8}> (0x000000701bd862f8) 
thrown [src/hotspot/share/prims/jni.cpp, line 516]
Event: 60990.311 Thread 0x0000007c33aeb000 Exception <a 'java/io/IOException'{0x000000701bd86e80}> (0x000000701bd86e80) 
thrown [src/hotspot/share/prims/jni.cpp, line 516]
Event: 60990.311 Thread 0x0000007c33aeb000 Exception <a 'java/io/IOException'{0x000000701bd87cc0}> (0x000000701bd87cc0) 
thrown [src/hotspot/share/prims/jni.cpp, line 516]
Event: 60990.311 Thread 0x0000007c33aeb000 Exception <a 'java/io/IOException'{0x000000701bd885f0}> (0x000000701bd885f0) 
thrown [src/hotspot/share/prims/jni.cpp, line 516]
Event: 60990.311 Thread 0x0000007c33aeb000 Exception <a 'java/io/IOException'{0x000000701bd88e88}> (0x000000701bd88e88) 
thrown [src/hotspot/share/prims/jni.cpp, line 516]

VM Operations (20 events):
Event: 47609.823 Executing VM operation: HandshakeAllThreads
Event: 47609.823 Executing VM operation: HandshakeAllThreads done
Event: 47609.826 Executing VM operation: ICBufferFull
Event: 47609.826 Executing VM operation: ICBufferFull done
Event: 47609.845 Executing VM operation: ICBufferFull
Event: 47609.845 Executing VM operation: ICBufferFull done
Event: 47609.876 Executing VM operation: G1CollectForAllocation
Event: 47609.881 Executing VM operation: G1CollectForAllocation done
Event: 47610.886 Executing VM operation: Cleanup
Event: 47610.886 Executing VM operation: Cleanup done
Event: 47656.134 Executing VM operation: HandshakeAllThreads
Event: 47656.134 Executing VM operation: HandshakeAllThreads done
Event: 51141.140 Executing VM operation: Cleanup
Event: 51141.140 Executing VM operation: Cleanup done
Event: 52030.991 Executing VM operation: Cleanup
Event: 52030.991 Executing VM operation: Cleanup done
Event: 53770.680 Executing VM operation: Cleanup
Event: 53770.680 Executing VM operation: Cleanup done
Event: 58947.291 Executing VM operation: G1CollectForAllocation
Event: 58947.323 Executing VM operation: G1CollectForAllocation done

Memory protections (20 events):
Event: 60990.310 Protecting memory [0x000000017ea48000,0x000000017ea54000] with protection modes 3
Event: 60990.310 Protecting memory [0x000000017de00000,0x000000017de0c000] with protection modes 3
Event: 60990.310 Protecting memory [0x0000000178e2c000,0x0000000178e38000] with protection modes 3
Event: 60990.310 Protecting memory [0x0000000177bc0000,0x0000000177bcc000] with protection modes 3
Event: 60990.310 Protecting memory [0x000000017d7dc000,0x000000017d7e8000] with protection modes 3
Event: 60990.310 Protecting memory [0x0000000179450000,0x000000017945c000] with protection modes 3
Event: 60990.310 Protecting memory [0x00000070824ac000,0x00000070824b8000] with protection modes 3
Event: 60990.310 Protecting memory [0x0000000179244000,0x0000000179250000] with protection modes 3
Event: 60990.310 Protecting memory [0x000000017d1b8000,0x000000017d1c4000] with protection modes 3
Event: 60990.310 Protecting memory [0x000000017f278000,0x000000017f284000] with protection modes 3
Event: 60990.310 Protecting memory [0x000000017d9e8000,0x000000017d9f4000] with protection modes 3
Event: 60990.310 Protecting memory [0x0000000177184000,0x0000000177190000] with protection modes 3
Event: 60990.310 Protecting memory [0x000000017dbf4000,0x000000017dc00000] with protection modes 3
Event: 60990.310 Protecting memory [0x0000000177dcc000,0x0000000177dd8000] with protection modes 3
Event: 60990.310 Protecting memory [0x000000017c158000,0x000000017c164000] with protection modes 3
Event: 60990.310 Protecting memory [0x0000007083b30000,0x0000007083b3c000] with protection modes 3
Event: 60990.310 Protecting memory [0x00000001781e4000,0x00000001781f0000] with protection modes 3
Event: 60990.310 Protecting memory [0x000000017c364000,0x000000017c370000] with protection modes 3
Event: 60990.310 Protecting memory [0x0000007080804000,0x0000007080810000] with protection modes 3
Event: 60990.310 Protecting memory [0x00000070828c4000,0x00000070828d0000] with protection modes 3

Nmethod flushes (20 events):
Event: 47609.836 Thread 0x0000007c38d4b000 flushing  nmethod 0x0000000114c94710
Event: 47609.836 Thread 0x0000007c38d4b000 flushing  nmethod 0x0000000114d19a90
Event: 47609.837 Thread 0x0000007c38d4b000 flushing  nmethod 0x0000000114f06210
Event: 47609.837 Thread 0x0000007c38d4b000 flushing  nmethod 0x0000000114f73590
Event: 47609.837 Thread 0x0000007c38d4b000 flushing  nmethod 0x000000011500de10
Event: 47609.837 Thread 0x0000007c38d4b000 flushing  nmethod 0x0000000115142f90
Event: 47609.838 Thread 0x0000007c38d4b000 flushing  nmethod 0x00000001151fdc90
Event: 47609.838 Thread 0x0000007c38d4b000 flushing  nmethod 0x0000000115232290
Event: 47609.838 Thread 0x0000007c38d4b000 flushing  nmethod 0x000000011530a510
Event: 47609.838 Thread 0x0000007c38d4b000 flushing  nmethod 0x000000011530aa10
Event: 47609.839 Thread 0x0000007c38d4b000 flushing  nmethod 0x000000011546e590
Event: 47609.840 Thread 0x0000007c38d4b000 flushing  nmethod 0x00000001155cea10
Event: 47609.840 Thread 0x0000007c38d4b000 flushing  nmethod 0x00000001156ef590
Event: 47609.840 Thread 0x0000007c38d4b000 flushing  nmethod 0x0000000115809190
Event: 47609.841 Thread 0x0000007c38d4b000 flushing  nmethod 0x0000000115c37d10
Event: 47609.841 Thread 0x0000007c38d4b000 flushing  nmethod 0x0000000115c5b390
Event: 47609.851 Thread 0x0000007c38d4b000 flushing  nmethod 0x0000000116c5e590
Event: 47609.851 Thread 0x0000007c38d4b000 flushing  nmethod 0x0000000116c5ef10
Event: 47609.851 Thread 0x0000007c38d4b000 flushing  nmethod 0x0000000116c5f490
Event: 47609.851 Thread 0x0000007c38d4b000 flushing  nmethod 0x0000000116d63890

Events (20 events):
Event: 60990.310 Thread 0x0000007c3261f000 Thread exited: 0x0000007c3261f000
Event: 60990.310 Thread 0x0000007c32709e00 Thread exited: 0x0000007c32709e00
Event: 60990.310 Thread 0x0000007c327b1200 Thread exited: 0x0000007c327b1200
Event: 60990.310 Thread 0x0000007c341bb600 Thread exited: 0x0000007c341bb600
Event: 60990.310 Thread 0x0000007c34190c00 Thread exited: 0x0000007c34190c00
Event: 60990.310 Thread 0x0000007c33e49e00 Thread exited: 0x0000007c33e49e00
Event: 60990.310 Thread 0x0000007c33aeaa00 Thread exited: 0x0000007c33aeaa00
Event: 60990.310 Thread 0x0000007c327b3600 Thread exited: 0x0000007c327b3600
Event: 60990.310 Thread 0x0000007c3270aa00 Thread exited: 0x0000007c3270aa00
Event: 60990.310 Thread 0x0000007c33b15200 Thread exited: 0x0000007c33b15200
Event: 60990.310 Thread 0x0000007c34185e00 Thread exited: 0x0000007c34185e00
Event: 60990.310 Thread 0x0000007c33ae8600 Thread exited: 0x0000007c33ae8600
Event: 60990.310 Thread 0x0000007c3261de00 Thread exited: 0x0000007c3261de00
Event: 60990.310 Thread 0x0000007c32630000 Thread exited: 0x0000007c32630000
Event: 60990.310 Thread 0x0000007c34190600 Thread exited: 0x0000007c34190600
Event: 60990.310 Thread 0x0000007c3261c600 Thread exited: 0x0000007c3261c600
Event: 60990.310 Thread 0x0000007c34193000 Thread exited: 0x0000007c34193000
Event: 60990.310 Thread 0x0000007c3264c600 Thread exited: 0x0000007c3264c600
Event: 60990.310 Thread 0x0000007c325caa00 Thread exited: 0x0000007c325caa00
Event: 60990.310 Thread 0x0000007c33b17000 Thread exited: 0x0000007c33b17000


Dynamic libraries:
0x0000000100108000 	/Users/wzw/tools/jdk-17.0.20.1+1/Contents/Home/lib/libjli.dylib
0x00000001b0b06000 	/System/Library/Frameworks/Cocoa.framework/Versions/A/Cocoa
0x0000000192ccd000 	/System/Library/Frameworks/AppKit.framework/Versions/C/AppKit
0x0000000196728000 	/System/Library/Frameworks/CoreData.framework/Versions/A/CoreData
0x000000018fdf6000 	/System/Library/Frameworks/Foundation.framework/Versions/C/Foundation
0x000000019f33a000 	/usr/lib/libSystem.B.dylib
0x000000019435b000 	/System/Library/PrivateFrameworks/UIFoundation.framework/Versions/A/UIFoundation
0x0000000243003000 	/System/Library/PrivateFrameworks/CollectionViewCore.framework/Versions/A/CollectionViewCore
0x00000001a1fc9000 	/System/Library/PrivateFrameworks/InternationalSupport.framework/Versions/A/InternationalSupport
0x00000001a231a000 	/System/Library/PrivateFrameworks/UserActivity.framework/Versions/A/UserActivity
0x000000019be4f000 	/System/Library/PrivateFrameworks/XCTTargetBootstrap.framework/Versions/A/XCTTargetBootstrap
0x00000002aff48000 	/System/Library/PrivateFrameworks/UIIntelligenceSupport.framework/Versions/A/UIIntelligenceSupport
0x0000000240597000 	/System/Library/PrivateFrameworks/CampoServices.framework/Versions/A/CampoServices
0x0000000196e02000 	/System/Library/PrivateFrameworks/BaseBoard.framework/Versions/A/BaseBoard
0x00000002557f0000 	/System/Library/PrivateFrameworks/FrontBoard.framework/Versions/A/FrontBoard
0x0000000194ebc000 	/System/Library/PrivateFrameworks/TCC.framework/Versions/A/TCC
0x00000001ab710000 	/System/Library/PrivateFrameworks/FrontBoardServices.framework/Versions/A/FrontBoardServices
0x00000002bd7a2000 	/usr/lib/libRosetta.dylib
0x00000002330bb000 	/System/Library/Frameworks/SwiftUICore.framework/Versions/A/SwiftUICore
0x00000002b7fe4000 	/System/Library/PrivateFrameworks/WritingTools.framework/Versions/A/WritingTools
0x000000029c202000 	/System/Library/PrivateFrameworks/SFSymbols.framework/Versions/A/SFSymbols
0x00000002b6cc2000 	/System/Library/PrivateFrameworks/WindowManagement.framework/Versions/A/WindowManagement
0x000000018fa5f000 	/System/Library/Frameworks/SystemConfiguration.framework/Versions/A/SystemConfiguration
0x00000001a1081000 	/usr/lib/libspindump.dylib
0x00000001944d2000 	/System/Library/Frameworks/UniformTypeIdentifiers.framework/Versions/A/UniformTypeIdentifiers
0x000000019e5dc000 	/usr/lib/libbsm.0.dylib
0x000000019951d000 	/usr/lib/libapp_launch_measurement.dylib
0x00000001987c3000 	/System/Library/PrivateFrameworks/CoreAnalytics.framework/Versions/A/CoreAnalytics
0x0000000199520000 	/System/Library/PrivateFrameworks/CoreAutoLayout.framework/Versions/A/CoreAutoLayout
0x000000019b2b3000 	/System/Library/Frameworks/Metal.framework/Versions/A/Metal
0x000000019c9df000 	/usr/lib/liblangid.dylib
0x000000019be53000 	/System/Library/PrivateFrameworks/CoreSVG.framework/Versions/A/CoreSVG
0x0000000194ee3000 	/System/Library/PrivateFrameworks/SkyLight.framework/Versions/A/SkyLight
0x00000002bba83000 	/System/Library/SubFrameworks/FocusEngine.framework/Versions/A/FocusEngine
0x000000019552c000 	/System/Library/Frameworks/CoreGraphics.framework/Versions/A/CoreGraphics
0x0000000251a00000 	/System/Library/PrivateFrameworks/DesignLibrary.framework/Versions/A/DesignLibrary
0x00000001a99f3000 	/System/Library/Frameworks/Accelerate.framework/Versions/A/Accelerate
0x00000001a0e6d000 	/System/Library/PrivateFrameworks/IconServices.framework/Versions/A/IconServices
0x000000019b290000 	/System/Library/Frameworks/IOSurface.framework/Versions/A/IOSurface
0x00000001987fa000 	/usr/lib/libDiagnosticMessagesClient.dylib
0x000000019f287000 	/usr/lib/libz.1.dylib
0x00000001adc98000 	/System/Library/Frameworks/ApplicationServices.framework/Versions/A/ApplicationServices
0x0000000239983000 	/System/Library/PrivateFrameworks/AnimationKit.framework/Versions/A/AnimationKit
0x000000019be3d000 	/System/Library/PrivateFrameworks/DFRFoundation.framework/Versions/A/DFRFoundation
0x0000000192514000 	/usr/lib/libicucore.A.dylib
0x00000001a3ad8000 	/System/Library/Frameworks/AudioToolbox.framework/Versions/A/AudioToolbox
0x00000002bbe3b000 	/System/Library/SubFrameworks/UIUtilities.framework/Versions/A/UIUtilities
0x00000001a22d0000 	/System/Library/PrivateFrameworks/DataDetectorsCore.framework/Versions/A/DataDetectorsCore
0x00000002b0c6f000 	/System/Library/PrivateFrameworks/UpdateCycle.framework/Versions/A/UpdateCycle
0x00000001c392a000 	/System/Library/PrivateFrameworks/TextInput.framework/Versions/A/TextInput
0x0000000194e18000 	/usr/lib/libMobileGestalt.dylib
0x000000019bb57000 	/System/Library/Frameworks/Carbon.framework/Versions/A/Frameworks/HIToolbox.framework/Versions/A/HIToolbox
0x0000000198d36000 	/System/Library/Frameworks/QuartzCore.framework/Versions/A/QuartzCore
0x0000000192104000 	/System/Library/Frameworks/Security.framework/Versions/A/Security
0x00000001a9441000 	/System/Library/Frameworks/Carbon.framework/Versions/A/Frameworks/SpeechRecognition.framework/Versions/A/SpeechRecognition
0x0000000199202000 	/System/Library/PrivateFrameworks/CoreUI.framework/Versions/A/CoreUI
0x0000000191965000 	/System/Library/Frameworks/CoreAudio.framework/Versions/A/CoreAudio
0x0000000198906000 	/System/Library/Frameworks/DiskArbitration.framework/Versions/A/DiskArbitration
0x00000001a158c000 	/System/Library/PrivateFrameworks/MultitouchSupport.framework/Versions/A/MultitouchSupport
0x0000000194e17000 	/usr/lib/libenergytrace.dylib
0x00000001b5a7d000 	/System/Library/PrivateFrameworks/RenderBox.framework/Versions/A/RenderBox
0x0000000192b6b000 	/System/Library/Frameworks/IOKit.framework/Versions/A/IOKit
0x00000001a97e8000 	/System/Library/Frameworks/CoreServices.framework/Versions/A/CoreServices
0x0000000199478000 	/System/Library/PrivateFrameworks/PerformanceAnalysis.framework/Versions/A/PerformanceAnalysis
0x000000021d24b000 	/System/Library/Frameworks/OpenGL.framework/Versions/A/OpenGL
0x000000019955f000 	/usr/lib/libxml2.2.dylib
0x000000019dda4000 	/System/Library/PrivateFrameworks/MobileKeyBag.framework/Versions/A/MobileKeyBag
0x000000018e1f8000 	/usr/lib/libobjc.A.dylib
0x000000018e58f000 	/usr/lib/libc++.1.dylib
0x00000001a9771000 	/System/Library/Frameworks/Accessibility.framework/Versions/A/Accessibility
0x00000001961f8000 	/System/Library/Frameworks/ColorSync.framework/Versions/A/ColorSync
0x000000018e6c4000 	/System/Library/Frameworks/CoreFoundation.framework/Versions/A/CoreFoundation
0x000000019c35e000 	/System/Library/Frameworks/CoreImage.framework/Versions/A/CoreImage
0x0000000191740000 	/System/Library/Frameworks/CoreText.framework/Versions/A/CoreText
0x000000022afe0000 	/System/Library/Frameworks/CoreTransferable.framework/Versions/A/CoreTransferable
0x000000022b3e7000 	/System/Library/Frameworks/DataDetection.framework/Versions/A/DataDetection
0x000000022b421000 	/System/Library/Frameworks/DeveloperToolsSupport.framework/Versions/A/DeveloperToolsSupport
0x000000019be91000 	/System/Library/Frameworks/ImageIO.framework/Versions/A/ImageIO
0x00000002341dc000 	/System/Library/Frameworks/Symbols.framework/Versions/A/Symbols
0x00000001c91ac000 	/System/Library/PrivateFrameworks/AttributeGraph.framework/Versions/A/AttributeGraph
0x00000001ad5ea000 	/System/Library/PrivateFrameworks/BackBoardServices.framework/Versions/A/BackBoardServices
0x00000001ab7c4000 	/System/Library/PrivateFrameworks/BoardServices.framework/Versions/A/BoardServices
0x0000000242eb1000 	/System/Library/PrivateFrameworks/CollectionsInternal.framework/Versions/A/CollectionsInternal
0x000000020f909000 	/System/Library/PrivateFrameworks/FeatureFlags.framework/Versions/A/FeatureFlags
0x0000000259914000 	/System/Library/PrivateFrameworks/Gestures.framework/Versions/A/Gestures
0x00000002995d0000 	/System/Library/PrivateFrameworks/SceneHosting.framework/Versions/A/SceneHosting
0x000000019f33e000 	/System/Library/PrivateFrameworks/SoftLinking.framework/Versions/A/SoftLinking
0x00000001d7eb1000 	/usr/lib/swift/libswiftAccelerate.dylib
0x00000001cd818000 	/usr/lib/swift/libswiftCompression.dylib
0x00000001a345c000 	/usr/lib/swift/libswiftCore.dylib
0x00000001bfeff000 	/usr/lib/swift/libswiftCoreFoundation.dylib
0x00000001bff58000 	/usr/lib/swift/libswiftCoreImage.dylib
0x00000001ab460000 	/usr/lib/swift/libswiftDispatch.dylib
0x00000001bff59000 	/usr/lib/swift/libswiftIOKit.dylib
0x00000001cd810000 	/usr/lib/swift/libswiftMetal.dylib
0x00000001ddcf7000 	/usr/lib/swift/libswiftOSLog.dylib
0x00000001ae7bd000 	/usr/lib/swift/libswiftObjectiveC.dylib
0x00000002be2b2000 	/usr/lib/swift/libswiftObservation.dylib
0x00000001d368a000 	/usr/lib/swift/libswiftQuartzCore.dylib
0x00000002be3df000 	/usr/lib/swift/libswiftSpatial.dylib
0x00000002be45b000 	/usr/lib/swift/libswiftSynchronization.dylib
0x00000001d7ea3000 	/usr/lib/swift/libswiftUniformTypeIdentifiers.dylib
0x00000001bff0e000 	/usr/lib/swift/libswiftXPC.dylib
0x00000002bdc39000 	/usr/lib/swift/libswift_Builtin_float.dylib
0x00000002bdc3a000 	/usr/lib/swift/libswift_Concurrency.dylib
0x00000001ae7c1000 	/usr/lib/swift/libswiftos.dylib
0x00000001c36c0000 	/usr/lib/swift/libswiftsimd.dylib
0x000000019f5e3000 	/usr/lib/libcompression.dylib
0x00000001a1f2c000 	/System/Library/PrivateFrameworks/TextureIO.framework/Versions/A/TextureIO
0x0000000195ce2000 	/System/Library/Frameworks/ApplicationServices.framework/Versions/A/Frameworks/HIServices.framework/Versions/A/HIServices
0x00000001a0b2f000 	/usr/lib/libate.dylib
0x000000019f335000 	/usr/lib/system/libcache.dylib
0x000000019f2f2000 	/usr/lib/system/libcommonCrypto.dylib
0x000000019f31b000 	/usr/lib/system/libcompiler_rt.dylib
0x000000019f310000 	/usr/lib/system/libcopyfile.dylib
0x000000018e3b5000 	/usr/lib/system/libcorecrypto.dylib
0x000000018e4c2000 	/usr/lib/system/libdispatch.dylib
0x000000018e253000 	/usr/lib/system/libdyld.dylib
0x000000019f32b000 	/usr/lib/system/libkeymgr.dylib
0x000000019f2d5000 	/usr/lib/system/libmacho.dylib
0x000000019e5b4000 	/usr/lib/system/libquarantine.dylib
0x000000019f328000 	/usr/lib/system/libremovefile.dylib
0x0000000194ea4000 	/usr/lib/system/libsystem_asl.dylib
0x000000018e33a000 	/usr/lib/system/libsystem_blocks.dylib
0x000000018e50c000 	/usr/lib/system/libsystem_c.dylib
0x000000019f31f000 	/usr/lib/system/libsystem_collections.dylib
0x000000019c9cd000 	/usr/lib/system/libsystem_configuration.dylib
0x000000019b254000 	/usr/lib/system/libsystem_containermanager.dylib
0x000000019ecc6000 	/usr/lib/system/libsystem_coreservices.dylib
0x00000001927f7000 	/usr/lib/system/libsystem_darwin.dylib
0x00000002be5f9000 	/usr/lib/system/libsystem_darwindirectory.dylib
0x000000019f32c000 	/usr/lib/system/libsystem_dnssd.dylib
0x00000002be5fd000 	/usr/lib/system/libsystem_eligibility.dylib
0x000000018e509000 	/usr/lib/system/libsystem_featureflags.dylib
0x000000018e695000 	/usr/lib/system/libsystem_info.dylib
0x000000019f296000 	/usr/lib/system/libsystem_m.dylib
0x000000018e46b000 	/usr/lib/system/libsystem_malloc.dylib
0x0000000194dfc000 	/usr/lib/system/libsystem_networkextension.dylib
0x0000000192c52000 	/usr/lib/system/libsystem_notify.dylib
0x000000019c9d2000 	/usr/lib/system/libsystem_sandbox.dylib
0x00000002be608000 	/usr/lib/system/libsystem_sanitizers.dylib
0x000000019f325000 	/usr/lib/system/libsystem_secinit.dylib
0x000000018e63f000 	/usr/lib/system/libsystem_kernel.dylib
0x000000018e68b000 	/usr/lib/system/libsystem_platform.dylib
0x000000018e67e000 	/usr/lib/system/libsystem_pthread.dylib
0x0000000196fb5000 	/usr/lib/system/libsystem_symptoms.dylib
0x000000018e394000 	/usr/lib/system/libsystem_trace.dylib
0x00000002be612000 	/usr/lib/system/libsystem_trial.dylib
0x000000019f2ff000 	/usr/lib/system/libunwind.dylib
0x000000018e33e000 	/usr/lib/system/libxpc.dylib
0x000000018e625000 	/usr/lib/libc++abi.dylib
0x0000000195df4000 	/usr/lib/objc/libobjcMsgSend.dylib
0x00000001a09de000 	/usr/lib/liblzma.5.dylib
0x000000028f130000 	/System/Library/PrivateFrameworks/NSPredicateSecurityPolicy.framework/Versions/A/NSPredicateSecurityPolicy
0x000000019f33c000 	/usr/lib/libfakelink.dylib
0x0000000194a80000 	/System/Library/Frameworks/CFNetwork.framework/Versions/A/CFNetwork
0x000000019f38f000 	/usr/lib/libarchive.2.dylib
0x00000001a5cbb000 	/System/Library/Frameworks/Combine.framework/Versions/A/Combine
0x00000002981b0000 	/System/Library/PrivateFrameworks/ReflectionInternal.framework/Versions/A/ReflectionInternal
0x0000000299390000 	/System/Library/PrivateFrameworks/RuntimeInternal.framework/Versions/A/RuntimeInternal
0x00000001bc610000 	/usr/lib/swift/libswiftDarwin.dylib
0x00000002be46f000 	/usr/lib/swift/libswiftSystem.dylib
0x00000002bdcc7000 	/usr/lib/swift/libswift_DarwinFoundation1.dylib
0x00000002be1f8000 	/usr/lib/swift/libswift_StringProcessing.dylib
0x0000000192af2000 	/System/Library/PrivateFrameworks/CoreServicesInternal.framework/Versions/A/CoreServicesInternal
0x000000019f309000 	/usr/lib/liboah.dylib
0x00000001ad7c6000 	/System/Library/PrivateFrameworks/DiskImages.framework/Versions/A/DiskImages
0x00000001bc131000 	/System/Library/Frameworks/NetFS.framework/Versions/A/NetFS
0x00000001994ef000 	/System/Library/Frameworks/CoreServices.framework/Versions/A/Frameworks/FSEvents.framework/Versions/A/FSEvents
0x0000000192801000 	/System/Library/Frameworks/CoreServices.framework/Versions/A/Frameworks/CarbonCore.framework/Versions/A/CarbonCore
0x0000000198885000 	/System/Library/Frameworks/CoreServices.framework/Versions/A/Frameworks/Metadata.framework/Versions/A/Metadata
0x000000019eccd000 	/System/Library/Frameworks/CoreServices.framework/Versions/A/Frameworks/OSServices.framework/Versions/A/OSServices
0x000000019f487000 	/System/Library/Frameworks/CoreServices.framework/Versions/A/Frameworks/SearchKit.framework/Versions/A/SearchKit
0x0000000196f30000 	/System/Library/Frameworks/CoreServices.framework/Versions/A/Frameworks/AE.framework/Versions/A/AE
0x000000018eb58000 	/System/Library/Frameworks/CoreServices.framework/Versions/A/Frameworks/LaunchServices.framework/Versions/A/LaunchServices
0x00000001a0988000 	/System/Library/Frameworks/CoreServices.framework/Versions/A/Frameworks/DictionaryServices.framework/Versions/A/DictionaryServices
0x00000001994fb000 	/System/Library/Frameworks/CoreServices.framework/Versions/A/Frameworks/SharedFileList.framework/Versions/A/SharedFileList
0x000000019f518000 	/usr/lib/libapple_nghttp2.dylib
0x0000000196b68000 	/usr/lib/libsqlite3.dylib
0x0000000196fbd000 	/System/Library/Frameworks/Network.framework/Versions/A/Network
0x000000019f2d9000 	/usr/lib/system/libkxld.dylib
0x000000023b4ac000 	/System/Library/PrivateFrameworks/AppleKeyStore.framework/Versions/A/AppleKeyStore
0x00000002bc6a5000 	/usr/lib/libCoreEntitlements.dylib
0x00000002bd9b8000 	/usr/lib/libTLE.dylib
0x0000000274a56000 	/System/Library/PrivateFrameworks/MessageSecurity.framework/Versions/A/MessageSecurity
0x0000000195d9f000 	/System/Library/PrivateFrameworks/ProtocolBuffer.framework/Versions/A/ProtocolBuffer
0x00000001aa954000 	/System/Library/PrivateFrameworks/SymptomDiagnosticReporter.framework/Versions/A/SymptomDiagnosticReporter
0x00000001a0bc9000 	/System/Library/PrivateFrameworks/CrashReporterSupport.framework/Versions/A/CrashReporterSupport
0x00000001abd30000 	/System/Library/PrivateFrameworks/CoreTime.framework/Versions/A/CoreTime
0x000000019ecae000 	/System/Library/PrivateFrameworks/AppleFSCompression.framework/Versions/A/AppleFSCompression
0x000000019e5c4000 	/usr/lib/libcoretls.dylib
0x00000001a09fd000 	/usr/lib/libcoretls_cfhelpers.dylib
0x000000019f5dd000 	/usr/lib/libpam.2.dylib
0x00000001a0a70000 	/usr/lib/libxar.1.dylib
0x00000001a09ff000 	/System/Library/PrivateFrameworks/APFS.framework/Versions/A/APFS
0x00000002a993d000 	/System/Library/PrivateFrameworks/SwiftASN1Internal.framework/Versions/A/SwiftASN1Internal
0x00000001a0a7f000 	/usr/lib/libutil.dylib
0x00000002bd8fe000 	/usr/lib/libswiftPrespecialized.dylib
0x000000019c9db000 	/System/Library/PrivateFrameworks/AppleSystemInfo.framework/Versions/A/AppleSystemInfo
0x000000019dd5c000 	/System/Library/PrivateFrameworks/IOMobileFramebuffer.framework/Versions/A/IOMobileFramebuffer
0x0000000243386000 	/System/Library/PrivateFrameworks/ConnectedMode.framework/Versions/A/ConnectedMode
0x0000000232f06000 	/System/Library/Frameworks/SwiftData.framework/Versions/A/SwiftData
0x00000001949aa000 	/usr/lib/libboringssl.dylib
0x0000000196fa3000 	/usr/lib/libdns_services.dylib
0x00000001bd034000 	/usr/lib/libquic.dylib
0x00000001a33ee000 	/usr/lib/libusrtcp.dylib
0x000000023dd8a000 	/System/Library/PrivateFrameworks/AtomicsInternal.framework/Versions/A/AtomicsInternal
0x00000001e5c2c000 	/System/Library/PrivateFrameworks/InternalSwiftProtobuf.framework/Versions/A/InternalSwiftProtobuf
0x00000002be28c000 	/usr/lib/swift/libswiftDistributed.dylib
0x00000002bdcca000 	/usr/lib/swift/libswift_DarwinFoundation2.dylib
0x00000002bdccb000 	/usr/lib/swift/libswift_DarwinFoundation3.dylib
0x00000002bdcce000 	/usr/lib/swift/libswift_RegexParser.dylib
0x00000001a0e0f000 	/usr/lib/libheimdal-asn1.dylib
0x000000019f4f4000 	/System/Library/PrivateFrameworks/AppleSauce.framework/Versions/A/AppleSauce
0x00000001d2282000 	/System/Library/PrivateFrameworks/OSAnalytics.framework/Versions/A/OSAnalytics
0x00000002520f5000 	/System/Library/PrivateFrameworks/DeviceRecovery.framework/Versions/A/DeviceRecovery
0x00000001abbc8000 	/System/Library/PrivateFrameworks/CoreSymbolication.framework/Versions/A/CoreSymbolication
0x00000001e22eb000 	/System/Library/PrivateFrameworks/Symbolication.framework/Versions/A/Symbolication
0x00000002bdd6b000 	/usr/lib/swift/libswiftAppleArchive.dylib
0x00000002bbf33000 	/usr/lib/libAppleArchive.dylib
0x00000001ea715000 	/System/Library/Frameworks/CryptoKit.framework/Versions/A/CryptoKit
0x000000019ecb9000 	/usr/lib/libbz2.1.0.dylib
0x00000001add90000 	/System/Library/PrivateFrameworks/CryptoKitCBridging.framework/Versions/A/CryptoKitCBridging
0x00000001ab8ac000 	/System/Library/Frameworks/CryptoTokenKit.framework/Versions/A/CryptoTokenKit
0x00000001a0d01000 	/System/Library/PrivateFrameworks/PlugInKit.framework/Versions/A/PlugInKit
0x0000000199480000 	/System/Library/Frameworks/OpenDirectory.framework/Versions/A/OpenDirectory
0x00000001a3d37000 	/System/Library/Frameworks/ApplicationServices.framework/Versions/A/Frameworks/ATS.framework/Versions/A/ATS
0x00000001a1ec0000 	/System/Library/Frameworks/ApplicationServices.framework/Versions/A/Frameworks/PrintCore.framework/Versions/A/PrintCore
0x00000001a408c000 	/System/Library/Frameworks/ApplicationServices.framework/Versions/A/Frameworks/QD.framework/Versions/A/QD
0x00000001a4087000 	/System/Library/Frameworks/ApplicationServices.framework/Versions/A/Frameworks/ColorSyncLegacy.framework/Versions/A/ColorSyncLegacy
0x00000001a3d2c000 	/System/Library/Frameworks/ApplicationServices.framework/Versions/A/Frameworks/SpeechSynthesis.framework/Versions/A/SpeechSynthesis
0x000000019b8b6000 	/System/Library/PrivateFrameworks/FontServices.framework/libFontParser.dylib
0x000000023edff000 	/System/Library/PrivateFrameworks/BiomeLibrary.framework/Versions/A/BiomeLibrary
0x000000023eca3000 	/System/Library/PrivateFrameworks/BackBoardHIDEventFoundation.framework/Versions/A/BackBoardHIDEventFoundation
0x0000000199646000 	/System/Library/Frameworks/CoreVideo.framework/Versions/A/CoreVideo
0x0000000191261000 	/System/Library/Frameworks/CoreDisplay.framework/Versions/A/CoreDisplay
0x00000001a15d0000 	/System/Library/Frameworks/VideoToolbox.framework/Versions/A/VideoToolbox
0x000000019f5db000 	/System/Library/Frameworks/MetalPerformanceShaders.framework/Versions/A/MetalPerformanceShaders
0x0000000297473000 	/System/Library/PrivateFrameworks/ProDisplayLibrary.framework/Versions/A/ProDisplayLibrary
0x00000001b15ee000 	/System/Library/PrivateFrameworks/IOSurfaceAccelerator.framework/Versions/A/IOSurfaceAccelerator
0x0000000196ed7000 	/System/Library/PrivateFrameworks/RunningBoardServices.framework/Versions/A/RunningBoardServices
0x000000019b2a9000 	/System/Library/PrivateFrameworks/IOAccelerator.framework/Versions/A/IOAccelerator
0x000000019b564000 	/System/Library/Frameworks/CoreMedia.framework/Versions/A/CoreMedia
0x00000001a3f3c000 	/usr/lib/libSMC.dylib
0x00000001a158a000 	/System/Library/PrivateFrameworks/WatchdogClient.framework/Versions/A/WatchdogClient
0x000000023ecf5000 	/System/Library/PrivateFrameworks/BackBoardHIDTouchEventProcessor.framework/Versions/A/BackBoardHIDTouchEventProcessor
0x00000001bfee0000 	/usr/lib/swift/libswiftCoreAudio.dylib
0x00000001cec2d000 	/System/Library/PrivateFrameworks/BiomeStreams.framework/Versions/A/BiomeStreams
0x00000001d5436000 	/System/Library/PrivateFrameworks/BiomeStorage.framework/Versions/A/BiomeStorage
0x00000001caefd000 	/System/Library/PrivateFrameworks/BiomeFoundation.framework/Versions/A/BiomeFoundation
0x000000026ee13000 	/System/Library/PrivateFrameworks/IntelligencePlatformLibrary.framework/Versions/A/IntelligencePlatformLibrary
0x00000002954db000 	/System/Library/PrivateFrameworks/PoirotSchematizer.framework/Versions/A/PoirotSchematizer
0x000000023f65a000 	/System/Library/PrivateFrameworks/BiomeSync.framework/Versions/A/BiomeSync
0x000000023edeb000 	/System/Library/PrivateFrameworks/BiomeDSL.framework/Versions/A/BiomeDSL
0x00000001d53e5000 	/System/Library/PrivateFrameworks/BiomePubSub.framework/Versions/A/BiomePubSub
0x00000001bfdd9000 	/System/Library/PrivateFrameworks/LoggingSupport.framework/Versions/A/LoggingSupport
0x00000001af6f7000 	/System/Library/PrivateFrameworks/ProactiveSupport.framework/Versions/A/ProactiveSupport
0x0000000295598000 	/System/Library/PrivateFrameworks/PoirotUDFs.framework/Versions/A/PoirotUDFs
0x00000001a411f000 	/System/Library/PrivateFrameworks/MobileAsset.framework/Versions/A/MobileAsset
0x00000001adc99000 	/System/Library/PrivateFrameworks/InternationalTextSearch.framework/Versions/A/InternationalTextSearch
0x00000001c74f9000 	/System/Library/PrivateFrameworks/SoftwareUpdateCoreSupport.framework/Versions/A/SoftwareUpdateCoreSupport
0x00000001cdda1000 	/System/Library/PrivateFrameworks/SoftwareUpdateCoreConnect.framework/Versions/A/SoftwareUpdateCoreConnect
0x00000001ae751000 	/System/Library/PrivateFrameworks/StreamingZip.framework/Versions/A/StreamingZip
0x00000001ad8b9000 	/System/Library/PrivateFrameworks/RemoteServiceDiscovery.framework/Versions/A/RemoteServiceDiscovery
0x00000001c5b8a000 	/System/Library/PrivateFrameworks/MSUDataAccessor.framework/Versions/A/MSUDataAccessor
0x00000001c1cc6000 	/usr/lib/libbootpolicy.dylib
0x0000000199723000 	/System/Library/PrivateFrameworks/UserManagement.framework/Versions/A/UserManagement
0x00000001d80b3000 	/usr/lib/libpartition2_dynamic.dylib
0x00000001ad8cf000 	/System/Library/PrivateFrameworks/RemoteXPC.framework/Versions/A/RemoteXPC
0x00000001cdc31000 	/usr/lib/libFDR.dylib
0x00000001d5005000 	/usr/lib/libamsupport.dylib
0x00000002bd79b000 	/usr/lib/libReverseProxyDevice.dylib
0x000000023ac5d000 	/System/Library/PrivateFrameworks/AppleDeviceQuerySupport.framework/Versions/A/AppleDeviceQuerySupport
0x000000019c9d9000 	/System/Library/PrivateFrameworks/AggregateDictionary.framework/Versions/A/AggregateDictionary
0x0000000198910000 	/System/Library/Frameworks/Accelerate.framework/Versions/A/Frameworks/vImage.framework/Versions/A/vImage
0x00000001a97cb000 	/System/Library/Frameworks/Accelerate.framework/Versions/A/Frameworks/vecLib.framework/Versions/A/vecLib
0x00000001a0ab5000 	/System/Library/Frameworks/Accelerate.framework/Versions/A/Frameworks/vecLib.framework/Versions/A/libvMisc.dylib
0x000000018f00c000 	/System/Library/Frameworks/Accelerate.framework/Versions/A/Frameworks/vecLib.framework/Versions/A/libBLAS.dylib
0x000000025ad35000 	/System/Library/PrivateFrameworks/GPUCompiler.framework/Versions/32023/Libraries/libllvm-flatbuffers.dylib
0x000000025575f000 	/System/Library/PrivateFrameworks/FramePacing.framework/Versions/A/FramePacing
0x000000021d23e000 	/System/Library/Frameworks/OpenGL.framework/Versions/A/Libraries/libCoreFSCache.dylib
0x000000025ad2f000 	/System/Library/PrivateFrameworks/GPUCompiler.framework/Versions/32023/Libraries/libGPUCompilerUtils.dylib
0x000000021d29b000 	/System/Library/Frameworks/OpenGL.framework/Versions/A/Libraries/libGLU.dylib
0x000000021d25e000 	/System/Library/Frameworks/OpenGL.framework/Versions/A/Libraries/libGFXShared.dylib
0x000000021d42a000 	/System/Library/Frameworks/OpenGL.framework/Versions/A/Libraries/libGL.dylib
0x000000021d267000 	/System/Library/Frameworks/OpenGL.framework/Versions/A/Libraries/libGLImage.dylib
0x000000021d25b000 	/System/Library/Frameworks/OpenGL.framework/Versions/A/Libraries/libCVMSPluginSupport.dylib
0x000000021d245000 	/System/Library/Frameworks/OpenGL.framework/Versions/A/Libraries/libCoreVMClient.dylib
0x000000019e1f8000 	/System/Library/Frameworks/Accelerate.framework/Versions/A/Frameworks/vecLib.framework/Versions/A/libvDSP.dylib
0x000000019f6c6000 	/System/Library/Frameworks/Accelerate.framework/Versions/A/Frameworks/vecLib.framework/Versions/A/libLAPACK.dylib
0x000000019e651000 	/System/Library/Frameworks/Accelerate.framework/Versions/A/Frameworks/vecLib.framework/Versions/A/libLinearAlgebra.dylib
0x000000019f531000 	/System/Library/Frameworks/Accelerate.framework/Versions/A/Frameworks/vecLib.framework/Versions/A/libSparseBLAS.dylib
0x000000019f6c1000 	/System/Library/Frameworks/Accelerate.framework/Versions/A/Frameworks/vecLib.framework/Versions/A/libQuadrature.dylib
0x000000019cb04000 	/System/Library/Frameworks/Accelerate.framework/Versions/A/Frameworks/vecLib.framework/Versions/A/libBNNS.dylib
0x000000018f8f2000 	/System/Library/Frameworks/Accelerate.framework/Versions/A/Frameworks/vecLib.framework/Versions/A/libSparse.dylib
0x0000000275178000 	/System/Library/PrivateFrameworks/MIL.framework/Versions/A/MIL
0x000000019f374000 	/usr/lib/libiconv.2.dylib
0x000000019f2d4000 	/usr/lib/libcharset.1.dylib
0x000000029555b000 	/System/Library/PrivateFrameworks/PoirotSQLite.framework/Versions/A/PoirotSQLite
0x0000000240c6f000 	/System/Library/PrivateFrameworks/CascadeSets.framework/Versions/A/CascadeSets
0x00000001ad9ed000 	/System/Library/PrivateFrameworks/AppSupport.framework/Versions/A/AppSupport
0x00000001a4262000 	/System/Library/PrivateFrameworks/CorePhoneNumbers.framework/Versions/A/CorePhoneNumbers
0x00000001a143d000 	/System/Library/PrivateFrameworks/AppleJPEG.framework/Versions/A/AppleJPEG
0x00000001a0df4000 	/usr/lib/libexpat.1.dylib
0x00000001a1d97000 	/System/Library/Frameworks/ImageIO.framework/Versions/A/Resources/libPng.dylib
0x00000001a1dc2000 	/System/Library/Frameworks/ImageIO.framework/Versions/A/Resources/libTIFF.dylib
0x00000001a1ea8000 	/System/Library/Frameworks/ImageIO.framework/Versions/A/Resources/libGIF.dylib
0x00000001a1483000 	/System/Library/Frameworks/ImageIO.framework/Versions/A/Resources/libJP2.dylib
0x00000001a1e50000 	/System/Library/Frameworks/ImageIO.framework/Versions/A/Resources/libJPEG.dylib
0x00000001a1e48000 	/System/Library/Frameworks/ImageIO.framework/Versions/A/Resources/libRadiance.dylib
0x00000002be2d7000 	/usr/lib/swift/libswiftRegexBuilder.dylib
0x000000022b6d7000 	/System/Library/Frameworks/ExtensionFoundation.framework/Versions/A/ExtensionFoundation
0x00000001a1075000 	/System/Library/PrivateFrameworks/AppServerSupport.framework/Versions/A/AppServerSupport
0x0000000291030000 	/System/Library/PrivateFrameworks/OSEligibility.framework/Versions/A/OSEligibility
0x000000022d53e000 	/System/Library/Frameworks/LightweightCodeRequirements.framework/Versions/A/LightweightCodeRequirements
0x000000019e4f8000 	/System/Library/PrivateFrameworks/AssertionServices.framework/Versions/A/AssertionServices
0x00000001e5b5c000 	/System/Library/Frameworks/OSLog.framework/Versions/A/OSLog
0x00000001af838000 	/System/Library/PrivateFrameworks/ASEProcessing.framework/Versions/A/ASEProcessing
0x0000000293da0000 	/System/Library/PrivateFrameworks/PhotosensitivityProcessing.framework/Versions/A/PhotosensitivityProcessing
0x00000001cdce5000 	/System/Library/PrivateFrameworks/TimeSync.framework/Versions/A/TimeSync
0x000000023bfe4000 	/System/Library/PrivateFrameworks/AppleMSG.framework/Versions/A/AppleMSG
0x000000029c9d4000 	/System/Library/PrivateFrameworks/SILManager.framework/Versions/A/SILManager
0x00000001a1025000 	/System/Library/PrivateFrameworks/GraphVisualizer.framework/Versions/A/GraphVisualizer
0x000000025575b000 	/System/Library/PrivateFrameworks/FontServices.framework/Versions/A/FontServices
0x00000001a103c000 	/System/Library/PrivateFrameworks/OTSVG.framework/Versions/A/OTSVG
0x00000001991b1000 	/System/Library/Frameworks/ApplicationServices.framework/Versions/A/Frameworks/ATS.framework/Versions/A/Resources/libFontRegistry.dylib
0x00000002bcc7e000 	/usr/lib/libhvf.dylib
0x0000000291151000 	/System/Library/PrivateFrameworks/ParsingInternal.framework/Versions/A/ParsingInternal
0x000000025564c000 	/System/Library/PrivateFrameworks/FontServices.framework/libXTFontStaticRegistryData.dylib
0x000000019c91d000 	/System/Library/Frameworks/MetalPerformanceShaders.framework/Versions/A/Frameworks/MPSCore.framework/Versions/A/MPSCore
0x000000019ec1f000 	/System/Library/Frameworks/MetalPerformanceShaders.framework/Versions/A/Frameworks/MPSImage.framework/Versions/A/MPSImage
0x000000019e665000 	/System/Library/Frameworks/MetalPerformanceShaders.framework/Versions/A/Frameworks/MPSNeuralNetwork.framework/Versions/A/MPSNeuralNetwork
0x000000019ea1d000 	/System/Library/Frameworks/MetalPerformanceShaders.framework/Versions/A/Frameworks/MPSMatrix.framework/Versions/A/MPSMatrix
0x000000019e882000 	/System/Library/Frameworks/MetalPerformanceShaders.framework/Versions/A/Frameworks/MPSRayIntersector.framework/Versions/A/MPSRayIntersector
0x000000019ea4c000 	/System/Library/Frameworks/MetalPerformanceShaders.framework/Versions/A/Frameworks/MPSNDArray.framework/Versions/A/MPSNDArray
0x000000022d948000 	/System/Library/Frameworks/MetalPerformanceShaders.framework/Versions/A/Frameworks/MPSFunctions.framework/Versions/A/MPSFunctions
0x000000022d936000 	/System/Library/Frameworks/MetalPerformanceShaders.framework/Versions/A/Frameworks/MPSBenchmarkLoop.framework/Versions/A/MPSBenchmarkLoop
0x000000022d95b000 	/System/Library/Frameworks/MetalPerformanceShaders.framework/Versions/A/Frameworks/MPSHost.framework/Versions/A/MPSHost
0x000000018ee5d000 	/System/Library/PrivateFrameworks/MetalTools.framework/Versions/A/MetalTools
0x000000027c08f000 	/System/Library/PrivateFrameworks/MTL3On4.framework/Versions/A/MTL3On4
0x00000001c4bf7000 	/System/Library/PrivateFrameworks/IOAccelMemoryInfo.framework/Versions/A/IOAccelMemoryInfo
0x00000001d39cc000 	/System/Library/PrivateFrameworks/kperf.framework/Versions/A/kperf
0x00000001bfedd000 	/System/Library/PrivateFrameworks/GPURawCounter.framework/Versions/A/GPURawCounter
0x00000001bfe53000 	/System/Library/PrivateFrameworks/MallocStackLogging.framework/Versions/A/MallocStackLogging
0x00000001abba7000 	/System/Library/PrivateFrameworks/DebugSymbols.framework/Versions/A/DebugSymbols
0x00000001d0a18000 	/System/Library/PrivateFrameworks/IOKitten.framework/Versions/A/IOKitten
0x00000002ad20f000 	/System/Library/PrivateFrameworks/Tightbeam.framework/Versions/A/Tightbeam
0x00000001d856b000 	/System/Library/PrivateFrameworks/AFKUser.framework/Versions/A/AFKUser
0x00000001ab89c000 	/System/Library/PrivateFrameworks/GraphicsServices.framework/Versions/A/GraphicsServices
0x00000001a1e43000 	/System/Library/PrivateFrameworks/GPUWrangler.framework/Versions/A/GPUWrangler
0x00000001a1e24000 	/System/Library/PrivateFrameworks/IOPresentment.framework/Versions/A/IOPresentment
0x00000001a1e4b000 	/System/Library/PrivateFrameworks/DSExternalDisplay.framework/Versions/A/DSExternalDisplay
0x00000002b3560000 	/System/Library/PrivateFrameworks/VideoToolboxParavirtualizationSupport.framework/Versions/A/VideoToolboxParavirtualizationSupport
0x00000001a0daa000 	/System/Library/PrivateFrameworks/AppleVA.framework/Versions/A/AppleVA
0x00000001a1eae000 	/System/Library/PrivateFrameworks/CMCaptureCore.framework/Versions/A/CMCaptureCore
0x00000001aa961000 	/System/Library/PrivateFrameworks/PowerLog.framework/Versions/A/PowerLog
0x00000001a4095000 	/System/Library/PrivateFrameworks/perfdata.framework/Versions/A/perfdata
0x0000000191379000 	/System/Library/PrivateFrameworks/AudioToolboxCore.framework/Versions/A/AudioToolboxCore
0x000000019b539000 	/System/Library/PrivateFrameworks/caulk.framework/Versions/A/caulk
0x00000001a3d29000 	/usr/lib/libAudioStatistics.dylib
0x00000001bd12c000 	/System/Library/PrivateFrameworks/SystemPolicy.framework/Versions/A/SystemPolicy
0x00000001c53ce000 	/usr/lib/swift/libswiftCoreMIDI.dylib
0x00000001b0954000 	/System/Library/Frameworks/CoreMIDI.framework/Versions/A/CoreMIDI
0x00000001a40a0000 	/usr/lib/libperfcheck.dylib
0x000000023e375000 	/System/Library/PrivateFrameworks/AudioAnalytics.framework/Versions/A/AudioAnalytics
0x00000001bfe7b000 	/usr/lib/libmis.dylib
0x00000001e5d35000 	/System/Library/PrivateFrameworks/HIDDisplay.framework/Versions/A/HIDDisplay
0x00000001b5da8000 	/System/Library/PrivateFrameworks/HID.framework/Versions/A/HID
0x000000019cafe000 	/System/Library/PrivateFrameworks/LinguisticData.framework/Versions/A/LinguisticData
0x000000018f7e0000 	/System/Library/PrivateFrameworks/Lexicon.framework/Versions/A/Lexicon
0x00000001a9a33000 	/System/Library/Frameworks/MediaAccessibility.framework/Versions/A/MediaAccessibility
0x00000001a3cbd000 	/System/Library/PrivateFrameworks/AudioSession.framework/Versions/A/AudioSession
0x00000001a0f0f000 	/System/Library/PrivateFrameworks/MediaExperience.framework/Versions/A/MediaExperience
0x000000026d75e000 	/System/Library/PrivateFrameworks/IO80211.framework/Versions/A/IO80211
0x000000019e503000 	/System/Library/Frameworks/SecurityFoundation.framework/Versions/A/SecurityFoundation
0x000000019e64e000 	/usr/lib/libgermantok.dylib
0x00000001a3a85000 	/System/Library/PrivateFrameworks/AudioSession.framework/libSessionUtility.dylib
0x00000001aa83e000 	/System/Library/Frameworks/CoreBluetooth.framework/Versions/A/CoreBluetooth
0x000000019e3a1000 	/System/Library/PrivateFrameworks/CoreUtils.framework/Versions/A/CoreUtils
0x000000024da30000 	/System/Library/PrivateFrameworks/CoreUtilsExtras.framework/Versions/A/CoreUtilsExtras
0x00000001a5a56000 	/System/Library/Frameworks/IOBluetooth.framework/Versions/A/IOBluetooth
0x00000001a0e19000 	/System/Library/PrivateFrameworks/IconFoundation.framework/Versions/A/IconFoundation
0x0000000267efe000 	/System/Library/PrivateFrameworks/IconRendering.framework/Versions/A/IconRendering
0x00000001a1e7b000 	/System/Library/Frameworks/ApplicationServices.framework/Versions/A/Frameworks/ATSUI.framework/Versions/A/ATSUI
0x00000002b5759000 	/System/Library/PrivateFrameworks/WallpaperServices.framework/Versions/A/WallpaperServices
0x00000001a0bc0000 	/usr/lib/libIOReport.dylib
0x00000001aaa3c000 	/System/Library/PrivateFrameworks/MediaKit.framework/Versions/A/MediaKit
0x00000001aa992000 	/System/Library/Frameworks/DiscRecording.framework/Versions/A/DiscRecording
0x00000001add94000 	/System/Library/Frameworks/AudioUnit.framework/Versions/A/AudioUnit
0x000000019948a000 	/System/Library/Frameworks/OpenDirectory.framework/Versions/A/Frameworks/CFOpenDirectory.framework/Versions/A/CFOpenDirectory
0x000000019dd29000 	/System/Library/PrivateFrameworks/CoreEmoji.framework/Versions/A/CoreEmoji
0x000000018faf1000 	/usr/lib/libCRFSuite.dylib
0x000000019c9e1000 	/System/Library/PrivateFrameworks/CoreNLP.framework/Versions/A/CoreNLP
0x00000001c4bba000 	/usr/lib/libncurses.5.4.dylib
0x000000019e5ed000 	/usr/lib/libmecab.dylib
0x000000019f4ec000 	/usr/lib/libThaiTokenizer.dylib
0x000000022a610000 	/System/Library/Frameworks/AVFAudio.framework/Versions/A/AVFAudio
0x000000026d843000 	/System/Library/PrivateFrameworks/IsolatedCoreAudioClient.framework/Versions/A/IsolatedCoreAudioClient
0x0000000245292000 	/System/Library/PrivateFrameworks/CoreAudioOrchestration.framework/Versions/A/CoreAudioOrchestration
0x00000001b82ad000 	/usr/lib/libAccessibility.dylib
0x00000001a401c000 	/usr/lib/libcups.2.dylib
0x00000001a40ad000 	/System/Library/Frameworks/Kerberos.framework/Versions/A/Kerberos
0x00000001a40be000 	/System/Library/Frameworks/GSS.framework/Versions/A/GSS
0x00000001a3d57000 	/usr/lib/libresolv.9.dylib
0x00000001a1088000 	/System/Library/PrivateFrameworks/Heimdal.framework/Versions/A/Heimdal
0x00000001add93000 	/System/Library/Frameworks/Kerberos.framework/Versions/A/Libraries/libHeimdalProxy.dylib
0x00000001a410e000 	/System/Library/PrivateFrameworks/CommonAuth.framework/Versions/A/CommonAuth
0x00000001b814e000 	/System/Library/PrivateFrameworks/AXCoreUtilities.framework/Versions/A/AXCoreUtilities
0x00000001ed7b4000 	/usr/lib/libedit.3.dylib
0x00000002bc659000 	/usr/lib/libAXSafeCategoryBundle.dylib
0x00000002341ee000 	/System/Library/Frameworks/TabularData.framework/Versions/A/TabularData
0x000000023d3f3000 	/System/Library/PrivateFrameworks/ArgumentParserInternal.framework/Versions/A/ArgumentParserInternal
0x000000019e5b7000 	/usr/lib/libCheckFix.dylib
0x00000001987fc000 	/System/Library/PrivateFrameworks/MetadataUtilities.framework/Versions/A/MetadataUtilities
0x000000026910d000 	/System/Library/PrivateFrameworks/InstalledContentLibrary.framework/Versions/A/InstalledContentLibrary
0x0000000192b31000 	/System/Library/PrivateFrameworks/CoreServicesStore.framework/Versions/A/CoreServicesStore
0x000000023bfcf000 	/System/Library/PrivateFrameworks/AppleMobileFileIntegrity.framework/Versions/A/AppleMobileFileIntegrity
0x00000001d3ade000 	/System/Library/PrivateFrameworks/MobileSystemServices.framework/Versions/A/MobileSystemServices
0x0000000218f3b000 	/System/Library/PrivateFrameworks/ConfigProfileHelper.framework/Versions/A/ConfigProfileHelper
0x00000001a0a83000 	/usr/lib/libxslt.1.dylib
0x000000019e583000 	/System/Library/PrivateFrameworks/BackgroundTaskManagement.framework/Versions/A/BackgroundTaskManagement
0x00000001ad967000 	/usr/lib/libcurl.4.dylib
0x00000002bc808000 	/usr/lib/libcrypto.46.dylib
0x00000002bd88d000 	/usr/lib/libssl.48.dylib
0x00000001ad65d000 	/System/Library/Frameworks/LDAP.framework/Versions/A/LDAP
0x00000001ad698000 	/System/Library/PrivateFrameworks/TrustEvaluationAgent.framework/Versions/A/TrustEvaluationAgent
0x00000001a3d73000 	/usr/lib/libsasl2.2.dylib
0x00000001a407a000 	/System/Library/PrivateFrameworks/NetAuth.framework/Versions/A/NetAuth
0x00000001996eb000 	/System/Library/PrivateFrameworks/login.framework/Versions/A/Frameworks/loginsupport.framework/Versions/A/loginsupport
0x00000001bc60f000 	/usr/lib/swift/libswiftCoreGraphics.dylib
0x00000001aa2a4000 	/usr/lib/swift/libswiftFoundation.dylib
0x0000000215ae0000 	/usr/lib/swift/libswiftSwiftOnoneSupport.dylib
0x00000002be46e000 	/usr/lib/swift/libswiftsys_time.dylib
0x00000001e2adc000 	/System/Library/PrivateFrameworks/CoreMaterial.framework/Versions/A/CoreMaterial
0x00000002bd830000 	/usr/lib/libSpatial.dylib
0x00000001a99f4000 	/System/Library/PrivateFrameworks/PrototypeTools.framework/Versions/A/PrototypeTools
0x000000018e248000 	/usr/lib/libsharedcache.dylib
0x000000019ddf4000 	/usr/lib/objc/libobjcMsgSend1.dylib
0x00000001a5df4000 	/usr/lib/objc/libobjcMsgSend2.dylib
0x00000001addf4000 	/usr/lib/objc/libobjcMsgSend3.dylib
0x00000001b5df4000 	/usr/lib/objc/libobjcMsgSend4.dylib
0x00000001bddf4000 	/usr/lib/objc/libobjcMsgSend5.dylib
0x00000001c5df4000 	/usr/lib/objc/libobjcMsgSend6.dylib
0x00000001cddf4000 	/usr/lib/objc/libobjcMsgSend7.dylib
0x00000001d5df4000 	/usr/lib/objc/libobjcMsgSend8.dylib
0x00000001dddf4000 	/usr/lib/objc/libobjcMsgSend9.dylib
0x00000001e5df4000 	/usr/lib/objc/libobjcMsgSend10.dylib
0x00000001eddf4000 	/usr/lib/objc/libobjcMsgSend11.dylib
0x0000000215df4000 	/usr/lib/objc/libobjcMsgSend12.dylib
0x000000021ddf4000 	/usr/lib/objc/libobjcMsgSend13.dylib
0x0000000225df4000 	/usr/lib/objc/libobjcMsgSend14.dylib
0x000000022ddf4000 	/usr/lib/objc/libobjcMsgSend15.dylib
0x0000000235df4000 	/usr/lib/objc/libobjcMsgSend16.dylib
0x000000023ddf4000 	/usr/lib/objc/libobjcMsgSend17.dylib
0x0000000245df4000 	/usr/lib/objc/libobjcMsgSend18.dylib
0x000000024ddf4000 	/usr/lib/objc/libobjcMsgSend19.dylib
0x0000000255df4000 	/usr/lib/objc/libobjcMsgSend20.dylib
0x000000025ddf4000 	/usr/lib/objc/libobjcMsgSend21.dylib
0x0000000265df4000 	/usr/lib/objc/libobjcMsgSend22.dylib
0x000000026ddf4000 	/usr/lib/objc/libobjcMsgSend23.dylib
0x0000000275df4000 	/usr/lib/objc/libobjcMsgSend24.dylib
0x000000027ddf4000 	/usr/lib/objc/libobjcMsgSend25.dylib
0x0000000295df4000 	/usr/lib/objc/libobjcMsgSend26.dylib
0x000000029ddf4000 	/usr/lib/objc/libobjcMsgSend27.dylib
0x00000002a5df4000 	/usr/lib/objc/libobjcMsgSend28.dylib
0x00000002addf4000 	/usr/lib/objc/libobjcMsgSend29.dylib
0x00000002b5df4000 	/usr/lib/objc/libobjcMsgSend30.dylib
0x00000002bddf4000 	/usr/lib/objc/libobjcMsgSend31.dylib
0x00000002c5df4000 	/usr/lib/objc/libobjcMsgSend32.dylib
0x00000002cddf4000 	/usr/lib/objc/libobjcMsgSend33.dylib
0x00000002d5df4000 	/usr/lib/objc/libobjcMsgSend34.dylib
0x00000002dddf4000 	/usr/lib/objc/libobjcMsgSend35.dylib
0x000000010b01c000 	/Users/wzw/tools/jdk-17.0.20.1+1/Contents/Home/lib/server/libjvm.dylib
0x0000000100130000 	/Users/wzw/tools/jdk-17.0.20.1+1/Contents/Home/lib/libjimage.dylib
0x0000000100160000 	/Users/wzw/tools/jdk-17.0.20.1+1/Contents/Home/lib/libinstrument.dylib
0x00000001001b0000 	/Users/wzw/tools/jdk-17.0.20.1+1/Contents/Home/lib/libjava.dylib
0x0000000104de0000 	/Users/wzw/tools/jdk-17.0.20.1+1/Contents/Home/lib/libzip.dylib
0x00000001006a4000 	/Users/wzw/tools/jdk-17.0.20.1+1/Contents/Home/lib/libnio.dylib
0x0000000104e2c000 	/Users/wzw/tools/jdk-17.0.20.1+1/Contents/Home/lib/libnet.dylib
0x0000000104e08000 	/Users/wzw/tools/jdk-17.0.20.1+1/Contents/Home/lib/libverify.dylib
0x00000001001a0000 	/Volumes/disk/AppData/工具目录/.gradle/native/1def1411415f61bf3af743bc5b6707747c0891f09f0c88961ee8f79bc544acac/osx-aarch64/libnative-platform.dylib
0x0000000104ed4000 	/Volumes/disk/AppData/工具目录/.gradle/native/0.2.8/aarch64-macos/libgradle-fileevents.dylib
0x0000000104e64000 	/Users/wzw/tools/jdk-17.0.20.1+1/Contents/Home/lib/libmanagement.dylib
0x0000000104e78000 	/Users/wzw/tools/jdk-17.0.20.1+1/Contents/Home/lib/libmanagement_ext.dylib
0x0000000104e8c000 	/Users/wzw/tools/jdk-17.0.20.1+1/Contents/Home/lib/libextnet.dylib
0x0000000104ea0000 	/Users/wzw/tools/jdk-17.0.20.1+1/Contents/Home/lib/librmi.dylib


VM Arguments:
jvm_args: --add-opens=java.base/java.lang=ALL-UNNAMED --add-opens=java.base/java.lang.invoke=ALL-UNNAMED --add-opens=java.base/java.util=ALL-UNNAMED --add-opens=java.prefs/java.util.prefs=ALL-UNNAMED --add-exports=jdk.compiler/com.sun.tools.javac.api=ALL-UNNAMED --add-exports=jdk.compiler/com.sun.tools.javac.util=ALL-UNNAMED --add-opens=java.base/java.util=ALL-UNNAMED --add-opens=java.prefs/java.util.prefs=ALL-UNNAMED --add-opens=java.base/java.nio.charset=ALL-UNNAMED --add-opens=java.base/java.net=ALL-UNNAMED --add-opens=java.base/java.util.concurrent=ALL-UNNAMED --add-opens=java.base/java.util.concurrent.atomic=ALL-UNNAMED --add-opens=java.xml/javax.xml.namespace=ALL-UNNAMED -Xmx2048m -Dfile.encoding=UTF-8 -Duser.country=CN -Duser.language=zh -Duser.variant -javaagent:/Users/wzw/tools/gradle-9.0.0/lib/agents/gradle-instrumentation-agent-9.0.0.jar 
java_command: org.gradle.launcher.daemon.bootstrap.GradleDaemon 9.0.0
java_class_path (initial): /Users/wzw/tools/gradle-9.0.0/lib/gradle-daemon-main-9.0.0.jar
Launcher Type: SUN_STANDARD

[Global flags]
     intx CICompilerCount                          = 4                                         {product} {ergonomic}
     uint ConcGCThreads                            = 2                                         {product} {ergonomic}
     uint G1ConcRefinementThreads                  = 9                                         {product} {ergonomic}
   size_t G1HeapRegionSize                         = 1048576                                   {product} {ergonomic}
    uintx GCDrainStackTargetSize                   = 64                                        {product} {ergonomic}
   size_t InitialHeapSize                          = 268435456                                 {product} {ergonomic}
   size_t MarkStackSize                            = 4194304                                   {product} {ergonomic}
   size_t MaxHeapSize                              = 2147483648                                {product} {command line}
   size_t MaxNewSize                               = 1287651328                                {product} {ergonomic}
   size_t MinHeapDeltaBytes                        = 1048576                                   {product} {ergonomic}
   size_t MinHeapSize                              = 8388608                                   {product} {ergonomic}
    uintx NonNMethodCodeHeapSize                   = 5839564                                {pd product} {ergonomic}
    uintx NonProfiledCodeHeapSize                  = 122909338                              {pd product} {ergonomic}
    uintx ProfiledCodeHeapSize                     = 122909338                              {pd product} {ergonomic}
    uintx ReservedCodeCacheSize                    = 251658240                              {pd product} {ergonomic}
     bool SegmentedCodeCache                       = true                                      {product} {ergonomic}
   size_t SoftMaxHeapSize                          = 2147483648                             {manageable} {ergonomic}
     bool UseCompressedClassPointers               = true                           {product lp64_product} {ergonomic}
     bool UseCompressedOops                        = true                           {product lp64_product} {ergonomic}
     bool UseG1GC                                  = true                                      {product} {ergonomic}
     bool UseNUMA                                  = false                                     {product} {ergonomic}
     bool UseNUMAInterleaving                      = false                                     {product} {ergonomic}

Logging:
Log output configuration:
 #0: stdout all=warning uptime,level,tags
 #1: stderr all=off uptime,level,tags

Environment Variables:
JAVA_HOME=/Users/wzw/tools/jdk-17.0.20.1+1/Contents/Home
PATH=/Users/wzw/.bun/bin:/Users/wzw/.opencode/bin:/Users/wzw/.kimi-code/bin:/Users/wzw/tools/jdk-17.0.20.1+1/Contents/Home/bin:/Users/wzw/.bun/bin:/Users/wzw/.opencode/bin:/Users/wzw/.kimi-code/bin:/Users/wzw/tools/jdk-17.0.20.1+1/Contents/Home/bin:/Users/wzw/.local/bin:/opt/homebrew/bin:/opt/homebrew/sbin:/Users/wzw/flutter/bin:/usr/local/bin:/System/Cryptexes/App/usr/bin:/usr/bin:/bin:/usr/sbin:/sbin:/var/run/com.apple.security.cryptexd/codex.system/bootstrap/usr/local/bin:/var/run/com.apple.security.cryptexd/codex.system/bootstrap/usr/bin:/var/run/com.apple.security.cryptexd/codex.system/bootstrap/usr/appleinternal/bin:/pkg/env/global/bin:/Library/Apple/usr/bin:/Applications/VMware Fusion.app/Contents/Public:/Applications/ZCode.app/Contents/Resources/tools/bfs:/Applications/ZCode.app/Contents/Resources/tools/ripgrep:/Applications/ZCode.app/Contents/Resources/tools/ugrep:/usr/local/sbin
SHELL=/bin/zsh
LANG=C.UTF-8
LC_CTYPE=C.UTF-8
TERM=xterm-256color
TMPDIR=/var/folders/01/9mgdqxpd05sd4nksf1r7v4ym0000gn/T/

Active Locale:
LC_ALL=C.UTF-8
LC_COLLATE=C.UTF-8
LC_CTYPE=C.UTF-8
LC_MESSAGES=C.UTF-8
LC_MONETARY=C.UTF-8
LC_NUMERIC=C.UTF-8
LC_TIME=C.UTF-8

Signal Handlers:
   SIGSEGV: crash_handler in libjvm.dylib, mask=11100110000111110111111111111111, flags=SA_RESTART|SA_SIGINFO, unblocked
    SIGBUS: crash_handler in libjvm.dylib, mask=11100110000111110111111111111111, flags=SA_RESTART|SA_SIGINFO, unblocked
    SIGFPE: crash_handler in libjvm.dylib, mask=11100110000111110111111111111111, flags=SA_RESTART|SA_SIGINFO, unblocked
   SIGPIPE: javaSignalHandler in libjvm.dylib, mask=11100110000111110111111111111111, flags=SA_RESTART|SA_SIGINFO, blocked
   SIGXFSZ: javaSignalHandler in libjvm.dylib, mask=11100110000111110111111111111111, flags=SA_RESTART|SA_SIGINFO, blocked
    SIGILL: crash_handler in libjvm.dylib, mask=11100110000111110111111111111111, flags=SA_RESTART|SA_SIGINFO, unblocked
   SIGUSR2: SR_handler in libjvm.dylib, mask=00100000000000000000000000000000, flags=SA_RESTART|SA_SIGINFO, blocked
    SIGHUP: UserHandler in libjvm.dylib, mask=11100110000111110111111111111111, flags=SA_RESTART|SA_SIGINFO, blocked
    SIGINT: UserHandler in libjvm.dylib, mask=11100110000111110111111111111111, flags=SA_RESTART|SA_SIGINFO, blocked
   SIGTERM: UserHandler in libjvm.dylib, mask=11100110000111110111111111111111, flags=SA_RESTART|SA_SIGINFO, blocked
   SIGQUIT: UserHandler in libjvm.dylib, mask=11100110000111110111111111111111, flags=SA_RESTART|SA_SIGINFO, blocked
   SIGTRAP: crash_handler in libjvm.dylib, mask=11100110000111110111111111111111, flags=SA_RESTART|SA_SIGINFO, unblocked


Periodic native trim disabled


---------------  S Y S T E M  ---------------

OS:
uname: Darwin 27.2.0 Darwin Kernel Version 27.2.0: Fri Sep  4 23:26:57 PDT 2026; root:xnu-13432.40.144.0.1~53/RELEASE_ARM64_T8132 arm64
OS uptime: 6 days 20:16 hours
rlimit (soft/hard): STACK 8176k/65520k , CORE 0k/infinity , NPROC 2666/4000 , NOFILE 1048576/infinity , AS infinity/infinity , CPU infinity/infinity , DATA infinity/infinity , FSIZE infinity/infinity , MEMLOCK infinity/infinity , RSS infinity/infinity
load average: 1.28 1.33 1.25

CPU: total 10 (initial active 10) 0x61:0x0:0x6f5129ac:0, fp, simd, crc, lse
machdep.cpu.brand_string:Apple M4
hw.cachelinesize:128
hw.l1icachesize:131072
hw.l1dcachesize:65536
hw.l2cachesize:4194304

Memory: 16k page, physical 16777216k(319968k free), swap 2097152k(897536k free)

vm_info: OpenJDK 64-Bit Server VM (17.0.20.1+1) for bsd-aarch64 JRE (17.0.20.1+1), built on Aug 18 2026 00:00:00 by "admin" with clang Apple LLVM 15.0.0 (clang-1500.1.0.2.5)

END.
