#
# A fatal error has been detected by the Java Runtime Environment:
#
#  SIGSEGV (0xb) at pc=0x0000000000000000, pid=45662, tid=87595
#
# JRE version: OpenJDK Runtime Environment Temurin-17.0.20.1+1 (17.0.20.1+1) (build 17.0.20.1+1)
# Java VM: OpenJDK 64-Bit Server VM Temurin-17.0.20.1+1 (17.0.20.1+1, mixed mode, sharing, tiered, compressed oops, compressed class ptrs, g1 gc, bsd-aarch64)
# Problematic frame:
# C  0x0000000000000000
#
# No core dump will be written. Core dumps have been disabled. To enable core dumping, try "ulimit -c unlimited" before starting Java again
#
# If you would like to submit a bug report, please visit:
#   https://github.com/adoptium/adoptium-support/issues
# The crash happened outside the Java Virtual Machine in native code.
# See problematic frame for where to report the bug.
#

---------------  S U M M A R Y ------------

Command Line: -Dcompose.application.configure.swing.globals=true -Dcompose.application.resources.dir=/Users/wzw/CodeProjects/YunXDesktop/YunX/desktop/build/compose/tmp/prepareAppResources -Dfile.encoding=UTF-8 -Duser.country=CN -Duser.language=zh -Duser.variant com.yunx.desktop.MainKt --kcef-smoke

Host: "Mac16,10" arm64, 10 cores, 16G, Darwin 27.2.0, macOS 27.2 (26B5086k)
Time: Sat Sep 19 09:18:10 2026 CST elapsed time: 31.123759 seconds (0d 0h 0m 31s)

---------------  T H R E A D  ---------------

Current thread (0x00000077a9a02a00):  JavaThread "CefInitialize-thread" [_thread_in_native, id=87595, stack(0x0000000173a34000,0x0000000173c37000)]

Stack: [0x0000000173a34000,0x0000000173c37000],  sp=0x0000000173c36340,  free space=2056k
Java frames: (J=compiled Java code, j=interpreted, Vv=VM code)
j  org.cef.CefApp.N_Initialize(Lorg/cef/handler/CefAppHandler;Lorg/cef/CefSettings;Z)Z+0
j  org.cef.CefApp.initialize()V+108
j  org.cef.CefApp.lambda$new$1([Ljava/lang/String;)V+102
j  org.cef.CefApp$$Lambda$221+0x00000080011bfc20.run()V+8
j  java.util.concurrent.CompletableFuture$UniRun.tryFire(I)Ljava/util/concurrent/CompletableFuture;+96 java.base@17.0.20.1
j  java.util.concurrent.CompletableFuture$Completion.run()V+2 java.base@17.0.20.1
j  java.lang.Thread.run()V+11 java.base@17.0.20.1
v  ~StubRoutines::call_stub

siginfo: si_signo: 11 (SIGSEGV), si_code: 2 (SEGV_ACCERR), si_addr: 0x0000000000000000

Registers:
 x0=0x0000000173c36360  x1=0x0000000000000013  x2=0x00000077ae29aa00  x3=0x0000000000000000
 x4=0x00000077ae29aa00  x5=0x0000000000000000  x6=0x0000000000000002  x7=0xffffffffb00007ff
 x8=0x00000001319a5000  x9=0x0000000173c36360 x10=0x0000000000000400 x11=0x0000000000000100
x12=0x00105000008252a0 x13=0x0000000000000372 x14=0x732b4d685e63c5ad x15=0x732b4d685e63c5ad
x16=0x00105000008252a0 x17=0x0000000106e46980 x18=0x0000000000000000 x19=0x00000077a9a02cb0
x20=0x0000000102a2e728 x21=0x0000000000000013 x22=0x0000000000000013 x23=0x00000001319a4f98
x24=0x0000000173c367a8 x25=0x0000000173c363e0 x26=0x00000001327b53b8 x27=0x0000007000000000
x28=0x00000077a9a02a00  fp=0x0000000173c363b0  lr=0x00000001319145c0  sp=0x0000000173c36340
pc=0x0000000000000000 cpsr=0x0000000020000400

Register to memory mapping:

 x0=0x0000000173c36360 is pointing into the stack for thread: 0x00000077a9a02a00
 x1=0x0000000000000013 is an unknown value
 x2=0x00000077ae29aa00 points into unknown readable memory: 0x0000000000000000 | 00 00 00 00 00 00 00 00
 x3=0x0 is NULL
 x4=0x00000077ae29aa00 points into unknown readable memory: 0x0000000000000000 | 00 00 00 00 00 00 00 00
 x5=0x0 is NULL
 x6=0x0000000000000002 is an unknown value
 x7=0xffffffffb00007ff is an unknown value
 x8=0x00000001319a5000: _MergedGlobals+0x38 in /Users/wzw/.yunx/kcef/libjcef.dylib at 0x00000001318e4000
 x9=0x0000000173c36360 is pointing into the stack for thread: 0x00000077a9a02a00
x10=0x0000000000000400 is an unknown value
x11=0x0000000000000100 is an unknown value
x12=0x00105000008252a0 is an unknown value
x13=0x0000000000000372 is an unknown value
x14=0x732b4d685e63c5ad is an unknown value
x15=0x732b4d685e63c5ad is an unknown value
x16=0x00105000008252a0 is an unknown value
x17=0x0000000106e46980 points into unknown readable memory: 0x0010500000824b72 | 72 4b 82 00 00 50 10 00
x18=0x0 is NULL
x19=0x00000077a9a02cb0 points into unknown readable memory: 0x000000010dc42ae0 | e0 2a c4 0d 01 00 00 00
x20=0x0000000102a2e728 is a global jni handle
x21=0x0000000000000013 is an unknown value
x22=0x0000000000000013 is an unknown value
x23=0x00000001319a4f98: _MergedGlobals+0x10 in /Users/wzw/.yunx/kcef/libjcef.dylib at 0x00000001318e4000
x24=0x0000000173c367a8 is pointing into the stack for thread: 0x00000077a9a02a00
x25=0x0000000173c363e0 is pointing into the stack for thread: 0x00000077a9a02a00
x26=0x00000001327b53b8 is pointing into metadata
x27=0x0000007000000000 is an unknown value
x28=0x00000077a9a02a00 is a thread


Top of Stack: (sp=0x0000000173c36340)
0x0000000173c36340:   0000000173c36380 0000000000000000
0x0000000173c36350:   00000077ae29aa00 0000000173c36401
0x0000000173c36360:   2e6665632e67726f 6974746553666543
0x0000000173c36370:   130000010073676e 00000077a9a02a00
0x0000000173c36380:   0000000173c367a8 0000000173c363e8
0x0000000173c36390:   0000000173c36798 0000000000000000
0x0000000173c363a0:   0000000173c36610 00000077a9a02cb0
0x0000000173c363b0:   0000000173c363d0 0000000131914774
0x0000000173c363c0:   00000077a9a02cb0 0000000173c367a0
0x0000000173c363d0:   0000000173c366b0 000000013190cf40
0x0000000173c363e0:   00000000000001c0 0000000000000000
0x0000000173c363f0:   0000000000000000 0000000000000000
0x0000000173c36400:   0000000000000000 0000000000000000
0x0000000173c36410:   0000000000000000 0000000000000000
0x0000000173c36420:   0000000000000000 0000000000000000
0x0000000173c36430:   0000000000000000 0000000000000000
0x0000000173c36440:   0000000000000000 0000000000000000
0x0000000173c36450:   0000000000000000 0000000000000000
0x0000000173c36460:   0000000000000000 0000000000000000
0x0000000173c36470:   0000000000000000 0000000000000000
0x0000000173c36480:   0000000000000000 0000000000000000
0x0000000173c36490:   0000000000000000 0000000000000000
0x0000000173c364a0:   0000000000000000 0000000000000000
0x0000000173c364b0:   0000000000000000 0000000000000000
0x0000000173c364c0:   0000000000000000 0000000000000000
0x0000000173c364d0:   0000000000000000 0000000000000000
0x0000000173c364e0:   0000000000000000 0000000000000000
0x0000000173c364f0:   0000000000000000 0000000000000000
0x0000000173c36500:   0000000000000000 0000000000000000
0x0000000173c36510:   0000000000000000 0000000000000000
0x0000000173c36520:   0000000000000000 0000000000000000
0x0000000173c36530:   0000000000000000 0000000000000000 

Instructions: (pc=0x0000000000000000)
0xffffffffffffff00:   


Stack slot to memory mapping:
stack at sp + 0 slots: 0x0000000173c36380 is pointing into the stack for thread: 0x00000077a9a02a00
stack at sp + 1 slots: 0x0 is NULL
stack at sp + 2 slots: 0x00000077ae29aa00 points into unknown readable memory: 0x0000000000000000 | 00 00 00 00 00 00 00 00
stack at sp + 3 slots: 0x0000000173c36401 is pointing into the stack for thread: 0x00000077a9a02a00
stack at sp + 4 slots: 0x2e6665632e67726f is an unknown value
stack at sp + 5 slots: 0x6974746553666543 is an unknown value
stack at sp + 6 slots: 0x130000010073676e is an unknown value
stack at sp + 7 slots: 0x00000077a9a02a00 is a thread


---------------  P R O C E S S  ---------------

Threads class SMR info:
_java_thread_list=0x00000077a9510500, length=31, elements={
0x0000000102a10420, 0x00000077aadf0000, 0x00000077aadf0600, 0x00000077aadf1200,
0x00000077aadf1800, 0x00000077aadf1e00, 0x00000077aadf2400, 0x00000077aadf2a00,
0x00000077aadf3000, 0x00000077aadf3600, 0x00000077aaeec000, 0x00000077aaeed800,
0x00000077aaeede00, 0x00000077aaeee400, 0x00000077aa2a9800, 0x00000077aa2aa400,
0x00000077aa2aaa00, 0x00000077aa2ab000, 0x00000077aa2ab600, 0x00000077aa970c00,
0x00000077aa971200, 0x00000077aa972400, 0x00000077aa973000, 0x00000077aa973600,
0x00000077aa388000, 0x00000077aa38a400, 0x00000077a9a00600, 0x00000077a9a00c00,
0x00000077a9a01200, 0x00000077a9a02400, 0x00000077a9a02a00
}

Java Threads: ( => current thread )
  0x0000000102a10420 JavaThread "main" [_thread_in_vm, id=4099, stack(0x000000016ddf4000,0x000000016dff7000)]
  0x00000077aadf0000 JavaThread "Reference Handler" daemon [_thread_blocked, id=31747, stack(0x000000016ec48000,0x000000016ee4b000)]
  0x00000077aadf0600 JavaThread "Finalizer" daemon [_thread_blocked, id=23555, stack(0x000000016ee54000,0x000000016f057000)]
  0x00000077aadf1200 JavaThread "Signal Dispatcher" daemon [_thread_blocked, id=29443, stack(0x000000016f178000,0x000000016f37b000)]
  0x00000077aadf1800 JavaThread "Service Thread" daemon [_thread_blocked, id=25347, stack(0x000000016f384000,0x000000016f587000)]
  0x00000077aadf1e00 JavaThread "Monitor Deflation Thread" daemon [_thread_blocked, id=28675, stack(0x000000016f590000,0x000000016f793000)]
  0x00000077aadf2400 JavaThread "C2 CompilerThread0" daemon [_thread_blocked, id=28163, stack(0x000000016f79c000,0x000000016f99f000)]
  0x00000077aadf2a00 JavaThread "C1 CompilerThread0" daemon [_thread_blocked, id=27651, stack(0x000000016f9a8000,0x000000016fbab000)]
  0x00000077aadf3000 JavaThread "Sweeper thread" daemon [_thread_blocked, id=25859, stack(0x000000016fbb4000,0x000000016fdb7000)]
  0x00000077aadf3600 JavaThread "Notification Thread" daemon [_thread_blocked, id=26371, stack(0x000000016fdc0000,0x000000016ffc3000)]
  0x00000077aaeec000 JavaThread "Common-Cleaner" daemon [_thread_blocked, id=27139, stack(0x00000001701d8000,0x00000001703db000)]
  0x00000077aaeed800 JavaThread "DefaultDispatcher-worker-1" daemon [_thread_blocked, id=33027, stack(0x00000001703e4000,0x00000001705e7000)]
  0x00000077aaeede00 JavaThread "DefaultDispatcher-worker-2" daemon [_thread_blocked, id=33283, stack(0x00000001705f0000,0x00000001707f3000)]
  0x00000077aaeee400 JavaThread "DefaultDispatcher-worker-3" daemon [_thread_blocked, id=33539, stack(0x00000001707fc000,0x00000001709ff000)]
  0x00000077aa2a9800 JavaThread "Okio Watchdog" daemon [_thread_blocked, id=34819, stack(0x0000000171650000,0x0000000171853000)]
  0x00000077aa2aa400 JavaThread "OkHttp TaskRunner" daemon [_thread_blocked, id=35331, stack(0x000000017185c000,0x0000000171a5f000)]
  0x00000077aa2aaa00 JavaThread "OkHttp TaskRunner" daemon [_thread_blocked, id=35843, stack(0x0000000171a68000,0x0000000171c6b000)]
  0x00000077aa2ab000 JavaThread "OkHttp TaskRunner" daemon [_thread_blocked, id=40451, stack(0x0000000171c74000,0x0000000171e77000)]
  0x00000077aa2ab600 JavaThread "OkHttp TaskRunner" daemon [_thread_blocked, id=40195, stack(0x0000000171e80000,0x0000000172083000)]
  0x00000077aa970c00 JavaThread "OkHttp TaskRunner" daemon [_thread_blocked, id=39683, stack(0x000000017208c000,0x000000017228f000)]
  0x00000077aa971200 JavaThread "OkHttp TaskRunner" daemon [_thread_blocked, id=39427, stack(0x0000000172298000,0x000000017249b000)]
  0x00000077aa972400 JavaThread "DefaultDispatcher-worker-4" daemon [_thread_blocked, id=39171, stack(0x00000001724a4000,0x00000001726a7000)]
  0x00000077aa973000 JavaThread "DefaultDispatcher-worker-5" daemon [_thread_blocked, id=37891, stack(0x0000000172ac8000,0x0000000172ccb000)]
  0x00000077aa973600 JavaThread "DefaultDispatcher-worker-7" daemon [_thread_blocked, id=37635, stack(0x0000000172cd4000,0x0000000172ed7000)]
  0x00000077aa388000 JavaThread "DefaultDispatcher-worker-6" daemon [_thread_blocked, id=43779, stack(0x0000000172ee0000,0x00000001730e3000)]
  0x00000077aa38a400 JavaThread "DefaultDispatcher-worker-8" daemon [_thread_blocked, id=44291, stack(0x00000001730ec000,0x00000001732ef000)]
  0x00000077a9a00600 JavaThread "process reaper" daemon [_thread_blocked, id=40979, stack(0x000000016f0ec000,0x000000016f123000)]
  0x00000077a9a00c00 JavaThread "AppKit Thread" daemon [_thread_in_native, id=259, stack(0x000000016d56c000,0x000000016dd68000)]
  0x00000077a9a01200 JavaThread "AWT-Shutdown" [_thread_blocked, id=87067, stack(0x0000000173590000,0x0000000173793000)]
  0x00000077a9a02400 JavaThread "AWT-EventQueue-0" [_thread_blocked, id=77323, stack(0x0000000173828000,0x0000000173a2b000)]
=>0x00000077a9a02a00 JavaThread "CefInitialize-thread" [_thread_in_native, id=87595, stack(0x0000000173a34000,0x0000000173c37000)]

Other Threads:
  0x0000000102a22490 VMThread "VM Thread" [stack: 0x000000016ea3c000,0x000000016ec3f000] [id=17923]
  0x0000000102a2f220 WatcherThread [stack: 0x000000016ffcc000,0x00000001701cf000] [id=27395]
  0x0000000102a19ec0 GCTaskThread "GC Thread#0" [stack: 0x000000016e000000,0x000000016e203000] [id=12547]
  0x00000077aa779e00 GCTaskThread "GC Thread#1" [stack: 0x0000000170a08000,0x0000000170c0b000] [id=41999]
  0x00000077aa77a100 GCTaskThread "GC Thread#2" [stack: 0x0000000170c14000,0x0000000170e17000] [id=42255]
  0x00000077aa77a400 GCTaskThread "GC Thread#3" [stack: 0x0000000170e20000,0x0000000171023000] [id=33811]
  0x00000077aa77a700 GCTaskThread "GC Thread#4" [stack: 0x000000017102c000,0x000000017122f000] [id=34051]
  0x00000077aa77aa00 GCTaskThread "GC Thread#5" [stack: 0x0000000171238000,0x000000017143b000] [id=34307]
  0x00000077aa329200 GCTaskThread "GC Thread#6" [stack: 0x00000001726b0000,0x00000001728b3000] [id=38659]
  0x00000077aa329500 GCTaskThread "GC Thread#7" [stack: 0x00000001728bc000,0x0000000172abf000] [id=38403]
  0x00000077aa3f9800 GCTaskThread "GC Thread#8" [stack: 0x00000001732f8000,0x00000001734fb000] [id=24331]
  0x0000000102a1abb0 ConcurrentGCThread "G1 Main Marker" [stack: 0x000000016e20c000,0x000000016e40f000] [id=14083]
  0x0000000102a1b520 ConcurrentGCThread "G1 Conc#0" [stack: 0x000000016e418000,0x000000016e61b000] [id=13827]
  0x0000000102a1d6b0 ConcurrentGCThread "G1 Refine#0" [stack: 0x000000016e624000,0x000000016e827000] [id=21507]
  0x0000000102a1e020 ConcurrentGCThread "G1 Service" [stack: 0x000000016e830000,0x000000016ea33000] [id=16899]

Threads with active compile tasks:

VM state: not at safepoint (normal execution)

VM Mutex/Monitor currently owned by a thread: None

Heap address: 0x0000007000800000, size: 4096 MB, Compressed Oops mode: Non-zero disjoint base: 0x0000007000000000, Oop shift amount: 3

CDS archive(s) mapped at: [0x0000008000000000-0x0000008000bc0000-0x0000008000bc0000), size 12320768, SharedBaseAddress: 0x0000008000000000, ArchiveRelocationMode: 1.
Compressed class space mapped at: 0x0000008001000000-0x0000008041000000, reserved size: 1073741824
Narrow klass base: 0x0000008000000000, Narrow klass shift: 0, Narrow klass range: 0x100000000

GC Precious Log:
 CPUs: 10 total, 10 available
 Memory: 16384M
 Large Page Support: Disabled
 NUMA Support: Disabled
 Compressed Oops: Enabled (Non-zero disjoint base)
 Heap Region Size: 2M
 Heap Min Capacity: 8M
 Heap Initial Capacity: 256M
 Heap Max Capacity: 4G
 Pre-touch: Disabled
 Parallel Workers: 9
 Concurrent Workers: 2
 Concurrent Refinement Workers: 9
 Periodic GC: Disabled

Heap:
 garbage-first heap   total 266240K, used 26242K [0x0000007000800000, 0x0000007100800000)
  region size 2048K, 10 young (20480K), 3 survivors (6144K)
 Metaspace       used 19038K, committed 19264K, reserved 1114112K
  class space    used 1937K, committed 2048K, reserved 1048576K

Heap Regions: E=young(eden), S=young(survivor), O=old, HS=humongous(starts), HC=humongous(continues), CS=collection set, F=free, OA=open archive, CA=closed archive, TAMS=top-at-mark-start (previous, next)
|   0|0x0000007000800000, 0x0000007000a00000, 0x0000007000a00000|100%|HS|  |TAMS 0x0000007000800000, 0x0000007000800000| Complete 
|   1|0x0000007000a00000, 0x0000007000c00000, 0x0000007000c00000|100%| O|  |TAMS 0x0000007000a00000, 0x0000007000a00000| Untracked 
|   2|0x0000007000c00000, 0x0000007000dbc400, 0x0000007000e00000| 86%| O|  |TAMS 0x0000007000c00000, 0x0000007000c00000| Untracked 
|   3|0x0000007000e00000, 0x0000007000e00000, 0x0000007001000000|  0%| F|  |TAMS 0x0000007000e00000, 0x0000007000e00000| Untracked 
|   4|0x0000007001000000, 0x0000007001000000, 0x0000007001200000|  0%| F|  |TAMS 0x0000007001000000, 0x0000007001000000| Untracked 
|   5|0x0000007001200000, 0x0000007001200000, 0x0000007001400000|  0%| F|  |TAMS 0x0000007001200000, 0x0000007001200000| Untracked 
|   6|0x0000007001400000, 0x0000007001400000, 0x0000007001600000|  0%| F|  |TAMS 0x0000007001400000, 0x0000007001400000| Untracked 
|   7|0x0000007001600000, 0x0000007001600000, 0x0000007001800000|  0%| F|  |TAMS 0x0000007001600000, 0x0000007001600000| Untracked 
|   8|0x0000007001800000, 0x0000007001800000, 0x0000007001a00000|  0%| F|  |TAMS 0x0000007001800000, 0x0000007001800000| Untracked 
|   9|0x0000007001a00000, 0x0000007001a00000, 0x0000007001c00000|  0%| F|  |TAMS 0x0000007001a00000, 0x0000007001a00000| Untracked 
|  10|0x0000007001c00000, 0x0000007001c00000, 0x0000007001e00000|  0%| F|  |TAMS 0x0000007001c00000, 0x0000007001c00000| Untracked 
|  11|0x0000007001e00000, 0x0000007001e00000, 0x0000007002000000|  0%| F|  |TAMS 0x0000007001e00000, 0x0000007001e00000| Untracked 
|  12|0x0000007002000000, 0x0000007002000000, 0x0000007002200000|  0%| F|  |TAMS 0x0000007002000000, 0x0000007002000000| Untracked 
|  13|0x0000007002200000, 0x0000007002200000, 0x0000007002400000|  0%| F|  |TAMS 0x0000007002200000, 0x0000007002200000| Untracked 
|  14|0x0000007002400000, 0x0000007002400000, 0x0000007002600000|  0%| F|  |TAMS 0x0000007002400000, 0x0000007002400000| Untracked 
|  15|0x0000007002600000, 0x0000007002600000, 0x0000007002800000|  0%| F|  |TAMS 0x0000007002600000, 0x0000007002600000| Untracked 
|  16|0x0000007002800000, 0x0000007002800000, 0x0000007002a00000|  0%| F|  |TAMS 0x0000007002800000, 0x0000007002800000| Untracked 
|  17|0x0000007002a00000, 0x0000007002a00000, 0x0000007002c00000|  0%| F|  |TAMS 0x0000007002a00000, 0x0000007002a00000| Untracked 
|  18|0x0000007002c00000, 0x0000007002c00000, 0x0000007002e00000|  0%| F|  |TAMS 0x0000007002c00000, 0x0000007002c00000| Untracked 
|  19|0x0000007002e00000, 0x0000007002e00000, 0x0000007003000000|  0%| F|  |TAMS 0x0000007002e00000, 0x0000007002e00000| Untracked 
|  20|0x0000007003000000, 0x0000007003000000, 0x0000007003200000|  0%| F|  |TAMS 0x0000007003000000, 0x0000007003000000| Untracked 
|  21|0x0000007003200000, 0x0000007003200000, 0x0000007003400000|  0%| F|  |TAMS 0x0000007003200000, 0x0000007003200000| Untracked 
|  22|0x0000007003400000, 0x0000007003400000, 0x0000007003600000|  0%| F|  |TAMS 0x0000007003400000, 0x0000007003400000| Untracked 
|  23|0x0000007003600000, 0x0000007003600000, 0x0000007003800000|  0%| F|  |TAMS 0x0000007003600000, 0x0000007003600000| Untracked 
|  24|0x0000007003800000, 0x0000007003800000, 0x0000007003a00000|  0%| F|  |TAMS 0x0000007003800000, 0x0000007003800000| Untracked 
|  25|0x0000007003a00000, 0x0000007003a00000, 0x0000007003c00000|  0%| F|  |TAMS 0x0000007003a00000, 0x0000007003a00000| Untracked 
|  26|0x0000007003c00000, 0x0000007003c00000, 0x0000007003e00000|  0%| F|  |TAMS 0x0000007003c00000, 0x0000007003c00000| Untracked 
|  27|0x0000007003e00000, 0x0000007003e00000, 0x0000007004000000|  0%| F|  |TAMS 0x0000007003e00000, 0x0000007003e00000| Untracked 
|  28|0x0000007004000000, 0x0000007004000000, 0x0000007004200000|  0%| F|  |TAMS 0x0000007004000000, 0x0000007004000000| Untracked 
|  29|0x0000007004200000, 0x0000007004200000, 0x0000007004400000|  0%| F|  |TAMS 0x0000007004200000, 0x0000007004200000| Untracked 
|  30|0x0000007004400000, 0x0000007004400000, 0x0000007004600000|  0%| F|  |TAMS 0x0000007004400000, 0x0000007004400000| Untracked 
|  31|0x0000007004600000, 0x0000007004600000, 0x0000007004800000|  0%| F|  |TAMS 0x0000007004600000, 0x0000007004600000| Untracked 
|  32|0x0000007004800000, 0x0000007004800000, 0x0000007004a00000|  0%| F|  |TAMS 0x0000007004800000, 0x0000007004800000| Untracked 
|  33|0x0000007004a00000, 0x0000007004a00000, 0x0000007004c00000|  0%| F|  |TAMS 0x0000007004a00000, 0x0000007004a00000| Untracked 
|  34|0x0000007004c00000, 0x0000007004c00000, 0x0000007004e00000|  0%| F|  |TAMS 0x0000007004c00000, 0x0000007004c00000| Untracked 
|  35|0x0000007004e00000, 0x0000007004e00000, 0x0000007005000000|  0%| F|  |TAMS 0x0000007004e00000, 0x0000007004e00000| Untracked 
|  36|0x0000007005000000, 0x0000007005000000, 0x0000007005200000|  0%| F|  |TAMS 0x0000007005000000, 0x0000007005000000| Untracked 
|  37|0x0000007005200000, 0x0000007005200000, 0x0000007005400000|  0%| F|  |TAMS 0x0000007005200000, 0x0000007005200000| Untracked 
|  38|0x0000007005400000, 0x0000007005400000, 0x0000007005600000|  0%| F|  |TAMS 0x0000007005400000, 0x0000007005400000| Untracked 
|  39|0x0000007005600000, 0x0000007005600000, 0x0000007005800000|  0%| F|  |TAMS 0x0000007005600000, 0x0000007005600000| Untracked 
|  40|0x0000007005800000, 0x0000007005800000, 0x0000007005a00000|  0%| F|  |TAMS 0x0000007005800000, 0x0000007005800000| Untracked 
|  41|0x0000007005a00000, 0x0000007005a00000, 0x0000007005c00000|  0%| F|  |TAMS 0x0000007005a00000, 0x0000007005a00000| Untracked 
|  42|0x0000007005c00000, 0x0000007005c00000, 0x0000007005e00000|  0%| F|  |TAMS 0x0000007005c00000, 0x0000007005c00000| Untracked 
|  43|0x0000007005e00000, 0x0000007005e00000, 0x0000007006000000|  0%| F|  |TAMS 0x0000007005e00000, 0x0000007005e00000| Untracked 
|  44|0x0000007006000000, 0x0000007006000000, 0x0000007006200000|  0%| F|  |TAMS 0x0000007006000000, 0x0000007006000000| Untracked 
|  45|0x0000007006200000, 0x0000007006200000, 0x0000007006400000|  0%| F|  |TAMS 0x0000007006200000, 0x0000007006200000| Untracked 
|  46|0x0000007006400000, 0x0000007006400000, 0x0000007006600000|  0%| F|  |TAMS 0x0000007006400000, 0x0000007006400000| Untracked 
|  47|0x0000007006600000, 0x0000007006600000, 0x0000007006800000|  0%| F|  |TAMS 0x0000007006600000, 0x0000007006600000| Untracked 
|  48|0x0000007006800000, 0x0000007006800000, 0x0000007006a00000|  0%| F|  |TAMS 0x0000007006800000, 0x0000007006800000| Untracked 
|  49|0x0000007006a00000, 0x0000007006a00000, 0x0000007006c00000|  0%| F|  |TAMS 0x0000007006a00000, 0x0000007006a00000| Untracked 
|  50|0x0000007006c00000, 0x0000007006c00000, 0x0000007006e00000|  0%| F|  |TAMS 0x0000007006c00000, 0x0000007006c00000| Untracked 
|  51|0x0000007006e00000, 0x0000007006e00000, 0x0000007007000000|  0%| F|  |TAMS 0x0000007006e00000, 0x0000007006e00000| Untracked 
|  52|0x0000007007000000, 0x00000070071fc648, 0x0000007007200000| 99%| S|CS|TAMS 0x0000007007000000, 0x0000007007000000| Complete 
|  53|0x0000007007200000, 0x0000007007400000, 0x0000007007400000|100%| S|CS|TAMS 0x0000007007200000, 0x0000007007200000| Complete 
|  54|0x0000007007400000, 0x0000007007600000, 0x0000007007600000|100%| S|CS|TAMS 0x0000007007400000, 0x0000007007400000| Complete 
|  55|0x0000007007600000, 0x0000007007600000, 0x0000007007800000|  0%| F|  |TAMS 0x0000007007600000, 0x0000007007600000| Untracked 
|  56|0x0000007007800000, 0x0000007007800000, 0x0000007007a00000|  0%| F|  |TAMS 0x0000007007800000, 0x0000007007800000| Untracked 
|  57|0x0000007007a00000, 0x0000007007a00000, 0x0000007007c00000|  0%| F|  |TAMS 0x0000007007a00000, 0x0000007007a00000| Untracked 
|  58|0x0000007007c00000, 0x0000007007c00000, 0x0000007007e00000|  0%| F|  |TAMS 0x0000007007c00000, 0x0000007007c00000| Untracked 
|  59|0x0000007007e00000, 0x0000007007e00000, 0x0000007008000000|  0%| F|  |TAMS 0x0000007007e00000, 0x0000007007e00000| Untracked 
|  60|0x0000007008000000, 0x0000007008000000, 0x0000007008200000|  0%| F|  |TAMS 0x0000007008000000, 0x0000007008000000| Untracked 
|  61|0x0000007008200000, 0x0000007008200000, 0x0000007008400000|  0%| F|  |TAMS 0x0000007008200000, 0x0000007008200000| Untracked 
|  62|0x0000007008400000, 0x0000007008400000, 0x0000007008600000|  0%| F|  |TAMS 0x0000007008400000, 0x0000007008400000| Untracked 
|  63|0x0000007008600000, 0x0000007008600000, 0x0000007008800000|  0%| F|  |TAMS 0x0000007008600000, 0x0000007008600000| Untracked 
|  64|0x0000007008800000, 0x0000007008800000, 0x0000007008a00000|  0%| F|  |TAMS 0x0000007008800000, 0x0000007008800000| Untracked 
|  65|0x0000007008a00000, 0x0000007008a00000, 0x0000007008c00000|  0%| F|  |TAMS 0x0000007008a00000, 0x0000007008a00000| Untracked 
|  66|0x0000007008c00000, 0x0000007008c00000, 0x0000007008e00000|  0%| F|  |TAMS 0x0000007008c00000, 0x0000007008c00000| Untracked 
|  67|0x0000007008e00000, 0x0000007008e00000, 0x0000007009000000|  0%| F|  |TAMS 0x0000007008e00000, 0x0000007008e00000| Untracked 
|  68|0x0000007009000000, 0x0000007009000000, 0x0000007009200000|  0%| F|  |TAMS 0x0000007009000000, 0x0000007009000000| Untracked 
|  69|0x0000007009200000, 0x0000007009200000, 0x0000007009400000|  0%| F|  |TAMS 0x0000007009200000, 0x0000007009200000| Untracked 
|  70|0x0000007009400000, 0x0000007009400000, 0x0000007009600000|  0%| F|  |TAMS 0x0000007009400000, 0x0000007009400000| Untracked 
|  71|0x0000007009600000, 0x0000007009600000, 0x0000007009800000|  0%| F|  |TAMS 0x0000007009600000, 0x0000007009600000| Untracked 
|  72|0x0000007009800000, 0x0000007009800000, 0x0000007009a00000|  0%| F|  |TAMS 0x0000007009800000, 0x0000007009800000| Untracked 
|  73|0x0000007009a00000, 0x0000007009a00000, 0x0000007009c00000|  0%| F|  |TAMS 0x0000007009a00000, 0x0000007009a00000| Untracked 
|  74|0x0000007009c00000, 0x0000007009c00000, 0x0000007009e00000|  0%| F|  |TAMS 0x0000007009c00000, 0x0000007009c00000| Untracked 
|  75|0x0000007009e00000, 0x0000007009e00000, 0x000000700a000000|  0%| F|  |TAMS 0x0000007009e00000, 0x0000007009e00000| Untracked 
|  76|0x000000700a000000, 0x000000700a000000, 0x000000700a200000|  0%| F|  |TAMS 0x000000700a000000, 0x000000700a000000| Untracked 
|  77|0x000000700a200000, 0x000000700a200000, 0x000000700a400000|  0%| F|  |TAMS 0x000000700a200000, 0x000000700a200000| Untracked 
|  78|0x000000700a400000, 0x000000700a400000, 0x000000700a600000|  0%| F|  |TAMS 0x000000700a400000, 0x000000700a400000| Untracked 
|  79|0x000000700a600000, 0x000000700a600000, 0x000000700a800000|  0%| F|  |TAMS 0x000000700a600000, 0x000000700a600000| Untracked 
|  80|0x000000700a800000, 0x000000700a800000, 0x000000700aa00000|  0%| F|  |TAMS 0x000000700a800000, 0x000000700a800000| Untracked 
|  81|0x000000700aa00000, 0x000000700aa00000, 0x000000700ac00000|  0%| F|  |TAMS 0x000000700aa00000, 0x000000700aa00000| Untracked 
|  82|0x000000700ac00000, 0x000000700ac00000, 0x000000700ae00000|  0%| F|  |TAMS 0x000000700ac00000, 0x000000700ac00000| Untracked 
|  83|0x000000700ae00000, 0x000000700ae00000, 0x000000700b000000|  0%| F|  |TAMS 0x000000700ae00000, 0x000000700ae00000| Untracked 
|  84|0x000000700b000000, 0x000000700b000000, 0x000000700b200000|  0%| F|  |TAMS 0x000000700b000000, 0x000000700b000000| Untracked 
|  85|0x000000700b200000, 0x000000700b200000, 0x000000700b400000|  0%| F|  |TAMS 0x000000700b200000, 0x000000700b200000| Untracked 
|  86|0x000000700b400000, 0x000000700b400000, 0x000000700b600000|  0%| F|  |TAMS 0x000000700b400000, 0x000000700b400000| Untracked 
|  87|0x000000700b600000, 0x000000700b600000, 0x000000700b800000|  0%| F|  |TAMS 0x000000700b600000, 0x000000700b600000| Untracked 
|  88|0x000000700b800000, 0x000000700b800000, 0x000000700ba00000|  0%| F|  |TAMS 0x000000700b800000, 0x000000700b800000| Untracked 
|  89|0x000000700ba00000, 0x000000700ba00000, 0x000000700bc00000|  0%| F|  |TAMS 0x000000700ba00000, 0x000000700ba00000| Untracked 
|  90|0x000000700bc00000, 0x000000700bc00000, 0x000000700be00000|  0%| F|  |TAMS 0x000000700bc00000, 0x000000700bc00000| Untracked 
|  91|0x000000700be00000, 0x000000700be00000, 0x000000700c000000|  0%| F|  |TAMS 0x000000700be00000, 0x000000700be00000| Untracked 
|  92|0x000000700c000000, 0x000000700c000000, 0x000000700c200000|  0%| F|  |TAMS 0x000000700c000000, 0x000000700c000000| Untracked 
|  93|0x000000700c200000, 0x000000700c200000, 0x000000700c400000|  0%| F|  |TAMS 0x000000700c200000, 0x000000700c200000| Untracked 
|  94|0x000000700c400000, 0x000000700c400000, 0x000000700c600000|  0%| F|  |TAMS 0x000000700c400000, 0x000000700c400000| Untracked 
|  95|0x000000700c600000, 0x000000700c600000, 0x000000700c800000|  0%| F|  |TAMS 0x000000700c600000, 0x000000700c600000| Untracked 
|  96|0x000000700c800000, 0x000000700c800000, 0x000000700ca00000|  0%| F|  |TAMS 0x000000700c800000, 0x000000700c800000| Untracked 
|  97|0x000000700ca00000, 0x000000700ca00000, 0x000000700cc00000|  0%| F|  |TAMS 0x000000700ca00000, 0x000000700ca00000| Untracked 
|  98|0x000000700cc00000, 0x000000700cc00000, 0x000000700ce00000|  0%| F|  |TAMS 0x000000700cc00000, 0x000000700cc00000| Untracked 
|  99|0x000000700ce00000, 0x000000700ce00000, 0x000000700d000000|  0%| F|  |TAMS 0x000000700ce00000, 0x000000700ce00000| Untracked 
| 100|0x000000700d000000, 0x000000700d000000, 0x000000700d200000|  0%| F|  |TAMS 0x000000700d000000, 0x000000700d000000| Untracked 
| 101|0x000000700d200000, 0x000000700d200000, 0x000000700d400000|  0%| F|  |TAMS 0x000000700d200000, 0x000000700d200000| Untracked 
| 102|0x000000700d400000, 0x000000700d400000, 0x000000700d600000|  0%| F|  |TAMS 0x000000700d400000, 0x000000700d400000| Untracked 
| 103|0x000000700d600000, 0x000000700d600000, 0x000000700d800000|  0%| F|  |TAMS 0x000000700d600000, 0x000000700d600000| Untracked 
| 104|0x000000700d800000, 0x000000700d800000, 0x000000700da00000|  0%| F|  |TAMS 0x000000700d800000, 0x000000700d800000| Untracked 
| 105|0x000000700da00000, 0x000000700da00000, 0x000000700dc00000|  0%| F|  |TAMS 0x000000700da00000, 0x000000700da00000| Untracked 
| 106|0x000000700dc00000, 0x000000700dc00000, 0x000000700de00000|  0%| F|  |TAMS 0x000000700dc00000, 0x000000700dc00000| Untracked 
| 107|0x000000700de00000, 0x000000700de00000, 0x000000700e000000|  0%| F|  |TAMS 0x000000700de00000, 0x000000700de00000| Untracked 
| 108|0x000000700e000000, 0x000000700e000000, 0x000000700e200000|  0%| F|  |TAMS 0x000000700e000000, 0x000000700e000000| Untracked 
| 109|0x000000700e200000, 0x000000700e200000, 0x000000700e400000|  0%| F|  |TAMS 0x000000700e200000, 0x000000700e200000| Untracked 
| 110|0x000000700e400000, 0x000000700e400000, 0x000000700e600000|  0%| F|  |TAMS 0x000000700e400000, 0x000000700e400000| Untracked 
| 111|0x000000700e600000, 0x000000700e600000, 0x000000700e800000|  0%| F|  |TAMS 0x000000700e600000, 0x000000700e600000| Untracked 
| 112|0x000000700e800000, 0x000000700e800000, 0x000000700ea00000|  0%| F|  |TAMS 0x000000700e800000, 0x000000700e800000| Untracked 
| 113|0x000000700ea00000, 0x000000700ea00000, 0x000000700ec00000|  0%| F|  |TAMS 0x000000700ea00000, 0x000000700ea00000| Untracked 
| 114|0x000000700ec00000, 0x000000700ec00000, 0x000000700ee00000|  0%| F|  |TAMS 0x000000700ec00000, 0x000000700ec00000| Untracked 
| 115|0x000000700ee00000, 0x000000700ee00000, 0x000000700f000000|  0%| F|  |TAMS 0x000000700ee00000, 0x000000700ee00000| Untracked 
| 116|0x000000700f000000, 0x000000700f000000, 0x000000700f200000|  0%| F|  |TAMS 0x000000700f000000, 0x000000700f000000| Untracked 
| 117|0x000000700f200000, 0x000000700f200000, 0x000000700f400000|  0%| F|  |TAMS 0x000000700f200000, 0x000000700f200000| Untracked 
| 118|0x000000700f400000, 0x000000700f400000, 0x000000700f600000|  0%| F|  |TAMS 0x000000700f400000, 0x000000700f400000| Untracked 
| 119|0x000000700f600000, 0x000000700f600000, 0x000000700f800000|  0%| F|  |TAMS 0x000000700f600000, 0x000000700f600000| Untracked 
| 120|0x000000700f800000, 0x000000700f800000, 0x000000700fa00000|  0%| F|  |TAMS 0x000000700f800000, 0x000000700f800000| Untracked 
| 121|0x000000700fa00000, 0x000000700fb95a38, 0x000000700fc00000| 79%| E|  |TAMS 0x000000700fa00000, 0x000000700fa00000| Complete 
| 122|0x000000700fc00000, 0x000000700fe00000, 0x000000700fe00000|100%| E|CS|TAMS 0x000000700fc00000, 0x000000700fc00000| Complete 
| 123|0x000000700fe00000, 0x0000007010000000, 0x0000007010000000|100%| E|CS|TAMS 0x000000700fe00000, 0x000000700fe00000| Complete 
| 124|0x0000007010000000, 0x0000007010200000, 0x0000007010200000|100%| E|CS|TAMS 0x0000007010000000, 0x0000007010000000| Complete 
| 125|0x0000007010200000, 0x0000007010400000, 0x0000007010400000|100%| E|CS|TAMS 0x0000007010200000, 0x0000007010200000| Complete 
| 126|0x0000007010400000, 0x0000007010600000, 0x0000007010600000|100%| E|CS|TAMS 0x0000007010400000, 0x0000007010400000| Complete 
| 127|0x0000007010600000, 0x0000007010800000, 0x0000007010800000|100%| E|CS|TAMS 0x0000007010600000, 0x0000007010600000| Complete 
|2046|0x0000007100400000, 0x0000007100574000, 0x0000007100600000| 72%|OA|  |TAMS 0x0000007100400000, 0x0000007100400000| Untracked 
|2047|0x0000007100600000, 0x0000007100674000, 0x0000007100800000| 22%|CA|  |TAMS 0x0000007100600000, 0x0000007100600000| Untracked 

Card table byte_map: [0x000000010c800000,0x000000010d000000] _byte_map_base: 0x00000000d47fc000

Marking Bits (Prev, Next): (CMBitMap*) 0x0000000102a1a440, (CMBitMap*) 0x0000000102a1a480
 Prev Bits: [0x000000012537c000, 0x000000012937c000)
 Next Bits: [0x000000012937c000, 0x000000012d37c000)

Polling page: 0x00000001020cc000

Metaspace:

Usage:
  Non-class:     16.75 MB used.
      Class:      1.90 MB used.
       Both:     18.65 MB used.

Virtual space:
  Non-class space:       64.00 MB reserved,      16.88 MB ( 26%) committed,  1 nodes.
      Class space:        1.00 GB reserved,       2.00 MB ( <1%) committed,  1 nodes.
             Both:        1.06 GB reserved,      18.88 MB (  2%) committed. 

Chunk freelists:
   Non-Class:  14.33 MB
       Class:  13.95 MB
        Both:  28.28 MB

MaxMetaspaceSize: unlimited
CompressedClassSpaceSize: 1.00 GB
Initial GC threshold: 21.00 MB
Current GC threshold: 21.00 MB
CDS: on
MetaspaceReclaimPolicy: balanced
 - commit_granule_bytes: 65536.
 - commit_granule_words: 8192.
 - virtual_space_node_default_size: 8388608.
 - enlarge_chunks_in_place: 1.
 - new_chunks_are_fully_committed: 0.
 - uncommit_free_chunks: 1.
 - use_allocation_guard: 0.
 - handle_deallocations: 1.


Internal statistics:

num_allocs_failed_limit: 0.
num_arena_births: 160.
num_arena_deaths: 0.
num_vsnodes_births: 2.
num_vsnodes_deaths: 0.
num_space_committed: 303.
num_space_uncommitted: 0.
num_chunks_returned_to_freelist: 0.
num_chunks_taken_from_freelist: 610.
num_chunk_merges: 0.
num_chunk_splits: 412.
num_chunks_enlarged: 302.
num_inconsistent_stats: 0.

CodeHeap 'non-profiled nmethods': size=120032Kb used=2293Kb max_used=2293Kb free=117738Kb
 bounds [0x000000011d644000, 0x000000011d8b4000, 0x0000000124b7c000]
CodeHeap 'profiled nmethods': size=120016Kb used=6978Kb max_used=6978Kb free=113037Kb
 bounds [0x0000000115b7c000, 0x000000011625c000, 0x000000011d0b0000]
CodeHeap 'non-nmethods': size=5712Kb used=1263Kb max_used=1329Kb free=4448Kb
 bounds [0x000000011d0b0000, 0x000000011d320000, 0x000000011d644000]
 total_blobs=4022 nmethods=3434 adapters=504
 compilation: enabled
              stopped_count=0, restarted_count=0
 full_count=0

Compilation events (20 events):
Event: 31.121 Thread 0x00000077aadf2a00 4715       3       jdk.internal.org.objectweb.asm.SymbolTable::putBootstrapMethods (56 bytes)
Event: 31.121 Thread 0x00000077aadf2a00 nmethod 4715 0x0000000116246a10 code [0x0000000116246c40, 0x0000000116247008]
Event: 31.121 Thread 0x00000077aadf2a00 4718       3       java.util.zip.Checksum::update (11 bytes)
Event: 31.121 Thread 0x00000077aadf2a00 nmethod 4718 0x0000000116247210 code [0x00000001162473c0, 0x00000001162475c8]
Event: 31.121 Thread 0x00000077aadf2a00 4719       3       java.lang.invoke.LambdaFormEditor$TransformKey::inRange (36 bytes)
Event: 31.121 Thread 0x00000077aadf2a00 nmethod 4719 0x0000000116247710 code [0x00000001162478c0, 0x0000000116247a18]
Event: 31.121 Thread 0x00000077aadf2a00 4720       3       java.lang.invoke.ClassSpecializer$SpeciesData::fieldCount (10 bytes)
Event: 31.121 Thread 0x00000077aadf2a00 nmethod 4720 0x0000000116247a90 code [0x0000000116247c40, 0x0000000116247e48]
Event: 31.121 Thread 0x00000077aadf2400 4721       4       java.util.concurrent.ConcurrentHashMap::addCount (280 bytes)
Event: 31.121 Thread 0x00000077aadf2a00 4723       3       java.lang.invoke.LambdaForm$NamedFunction::methodType (23 bytes)
Event: 31.122 Thread 0x00000077aadf2a00 nmethod 4723 0x0000000116247f10 code [0x00000001162480c0, 0x0000000116248348]
Event: 31.122 Thread 0x00000077aadf2a00 4722       3       java.lang.invoke.InvokerBytecodeGenerator::storeInsnOpcode (98 bytes)
Event: 31.122 Thread 0x00000077aadf2a00 nmethod 4722 0x0000000116248490 code [0x0000000116248780, 0x00000001162491f8]
Event: 31.122 Thread 0x00000077aadf2a00 4725       3       java.lang.StringCoding::implEncodeAsciiArray (47 bytes)
Event: 31.122 Thread 0x00000077aadf2a00 nmethod 4725 0x0000000116249590 code [0x0000000116249740, 0x0000000116249958]
Event: 31.122 Thread 0x00000077aadf2a00 4724       3       java.util.Calendar::internalSet (8 bytes)
Event: 31.122 Thread 0x00000077aadf2a00 nmethod 4724 0x0000000116249a90 code [0x0000000116249c40, 0x0000000116249d98]
Event: 31.123 Thread 0x00000077aadf2a00 4726       3       java.util.HashMap::removeNode (291 bytes)
Event: 31.123 Thread 0x00000077aadf2400 nmethod 4721 0x000000011d880c90 code [0x000000011d880e80, 0x000000011d881180]
Event: 31.123 Thread 0x00000077aadf2a00 nmethod 4726 0x0000000116249e90 code [0x000000011624a1c0, 0x000000011624b4f8]

GC Heap History (14 events):
Event: 0.156 GC heap before
{Heap before GC invocations=0 (full 0):
 garbage-first heap   total 266240K, used 24480K [0x0000007000800000, 0x0000007100800000)
  region size 2048K, 11 young (22528K), 0 survivors (0K)
 Metaspace       used 5357K, committed 5504K, reserved 1114112K
  class space    used 502K, committed 576K, reserved 1048576K
}
Event: 0.157 GC heap after
{Heap after GC invocations=1 (full 0):
 garbage-first heap   total 266240K, used 7902K [0x0000007000800000, 0x0000007100800000)
  region size 2048K, 2 young (4096K), 2 survivors (4096K)
 Metaspace       used 5357K, committed 5504K, reserved 1114112K
  class space    used 502K, committed 576K, reserved 1048576K
}
Event: 3.080 GC heap before
{Heap before GC invocations=1 (full 0):
 garbage-first heap   total 266240K, used 38622K [0x0000007000800000, 0x0000007100800000)
  region size 2048K, 17 young (34816K), 2 survivors (4096K)
 Metaspace       used 16396K, committed 16640K, reserved 1114112K
  class space    used 1695K, committed 1792K, reserved 1048576K
}
Event: 3.082 GC heap after
{Heap after GC invocations=2 (full 0):
 garbage-first heap   total 266240K, used 13211K [0x0000007000800000, 0x0000007100800000)
  region size 2048K, 3 young (6144K), 3 survivors (6144K)
 Metaspace       used 16396K, committed 16640K, reserved 1114112K
  class space    used 1695K, committed 1792K, reserved 1048576K
}
Event: 4.027 GC heap before
{Heap before GC invocations=2 (full 0):
 garbage-first heap   total 266240K, used 97179K [0x0000007000800000, 0x0000007100800000)
  region size 2048K, 44 young (90112K), 3 survivors (6144K)
 Metaspace       used 16832K, committed 17024K, reserved 1114112K
  class space    used 1696K, committed 1792K, reserved 1048576K
}
Event: 4.029 GC heap after
{Heap after GC invocations=3 (full 0):
 garbage-first heap   total 266240K, used 13669K [0x0000007000800000, 0x0000007100800000)
  region size 2048K, 3 young (6144K), 3 survivors (6144K)
 Metaspace       used 16832K, committed 17024K, reserved 1114112K
  class space    used 1696K, committed 1792K, reserved 1048576K
}
Event: 6.180 GC heap before
{Heap before GC invocations=3 (full 0):
 garbage-first heap   total 266240K, used 161125K [0x0000007000800000, 0x0000007100800000)
  region size 2048K, 76 young (155648K), 3 survivors (6144K)
 Metaspace       used 16837K, committed 17024K, reserved 1114112K
  class space    used 1696K, committed 1792K, reserved 1048576K
}
Event: 6.182 GC heap after
{Heap after GC invocations=4 (full 0):
 garbage-first heap   total 266240K, used 13888K [0x0000007000800000, 0x0000007100800000)
  region size 2048K, 3 young (6144K), 3 survivors (6144K)
 Metaspace       used 16837K, committed 17024K, reserved 1114112K
  class space    used 1696K, committed 1792K, reserved 1048576K
}
Event: 12.164 GC heap before
{Heap before GC invocations=4 (full 0):
 garbage-first heap   total 266240K, used 163392K [0x0000007000800000, 0x0000007100800000)
  region size 2048K, 76 young (155648K), 3 survivors (6144K)
 Metaspace       used 16850K, committed 17024K, reserved 1114112K
  class space    used 1697K, committed 1792K, reserved 1048576K
}
Event: 12.167 GC heap after
{Heap after GC invocations=5 (full 0):
 garbage-first heap   total 266240K, used 13918K [0x0000007000800000, 0x0000007100800000)
  region size 2048K, 3 young (6144K), 3 survivors (6144K)
 Metaspace       used 16850K, committed 17024K, reserved 1114112K
  class space    used 1697K, committed 1792K, reserved 1048576K
}
Event: 22.043 GC heap before
{Heap before GC invocations=5 (full 0):
 garbage-first heap   total 266240K, used 163422K [0x0000007000800000, 0x0000007100800000)
  region size 2048K, 76 young (155648K), 3 survivors (6144K)
 Metaspace       used 16851K, committed 17024K, reserved 1114112K
  class space    used 1697K, committed 1792K, reserved 1048576K
}
Event: 22.046 GC heap after
{Heap after GC invocations=6 (full 0):
 garbage-first heap   total 266240K, used 13890K [0x0000007000800000, 0x0000007100800000)
  region size 2048K, 3 young (6144K), 3 survivors (6144K)
 Metaspace       used 16851K, committed 17024K, reserved 1114112K
  class space    used 1697K, committed 1792K, reserved 1048576K
}
Event: 29.550 GC heap before
{Heap before GC invocations=6 (full 0):
 garbage-first heap   total 266240K, used 163394K [0x0000007000800000, 0x0000007100800000)
  region size 2048K, 76 young (155648K), 3 survivors (6144K)
 Metaspace       used 17520K, committed 17664K, reserved 1114112K
  class space    used 1760K, committed 1856K, reserved 1048576K
}
Event: 29.551 GC heap after
{Heap after GC invocations=7 (full 0):
 garbage-first heap   total 266240K, used 13954K [0x0000007000800000, 0x0000007100800000)
  region size 2048K, 3 young (6144K), 3 survivors (6144K)
 Metaspace       used 17520K, committed 17664K, reserved 1114112K
  class space    used 1760K, committed 1856K, reserved 1048576K
}

Dll operation events (20 events):
Event: 30.991 Loading shared library /usr/lib/java/libliblibcef.jnilib failed, dlopen(/usr/lib/java/libliblibcef.jnilib, 0x0001): tried: '/usr/lib/java/libliblibcef.jnilib' (no such file), '/System/Volumes/Preboot/Cryptexes/OS/usr/lib/java/libliblibcef.jnilib' (no such
Event: 30.991 Loading shared library /Users/wzw/CodeProjects/YunXDesktop/YunX/desktop/libliblibcef.dylib failed, dlopen(/Users/wzw/CodeProjects/YunXDesktop/YunX/desktop/libliblibcef.dylib, 0x0001): tried: '/Users/wzw/CodeProjects/YunXDesktop/YunX/desktop/libliblibcef.d
Event: 30.991 Loading shared library /Users/wzw/CodeProjects/YunXDesktop/YunX/desktop/libliblibcef.jnilib failed, dlopen(/Users/wzw/CodeProjects/YunXDesktop/YunX/desktop/libliblibcef.jnilib, 0x0001): tried: '/Users/wzw/CodeProjects/YunXDesktop/YunX/desktop/libliblibcef
Event: 30.991 Loading shared library /Users/wzw/tools/jdk-17.0.20.1+1/Contents/Home/lib/libliblibcef.dylib.dylib failed, dlopen(/Users/wzw/tools/jdk-17.0.20.1+1/Contents/Home/lib/libliblibcef.dylib.dylib, 0x0001): tried: '/Users/wzw/tools/jdk-17.0.20.1+1/Contents/Home/
Event: 30.991 Loading shared library /Users/wzw/tools/jdk-17.0.20.1+1/Contents/Home/lib/libliblibcef.dylib.jnilib failed, dlopen(/Users/wzw/tools/jdk-17.0.20.1+1/Contents/Home/lib/libliblibcef.dylib.jnilib, 0x0001): tried: '/Users/wzw/tools/jdk-17.0.20.1+1/Contents/Hom
Event: 30.991 Loading shared library /Users/wzw/Library/Java/Extensions/libliblibcef.dylib.dylib failed, dlopen(/Users/wzw/Library/Java/Extensions/libliblibcef.dylib.dylib, 0x0001): tried: '/Users/wzw/Library/Java/Extensions/libliblibcef.dylib.dylib' (no such file), '/
Event: 30.992 Loading shared library /Users/wzw/Library/Java/Extensions/libliblibcef.dylib.jnilib failed, dlopen(/Users/wzw/Library/Java/Extensions/libliblibcef.dylib.jnilib, 0x0001): tried: '/Users/wzw/Library/Java/Extensions/libliblibcef.dylib.jnilib' (no such file),
Event: 30.992 Loading shared library /Library/Java/Extensions/libliblibcef.dylib.dylib failed, dlopen(/Library/Java/Extensions/libliblibcef.dylib.dylib, 0x0001): tried: '/Library/Java/Extensions/libliblibcef.dylib.dylib' (no such file), '/System/Volumes/Preboot/Cryptex
Event: 30.992 Loading shared library /Library/Java/Extensions/libliblibcef.dylib.jnilib failed, dlopen(/Library/Java/Extensions/libliblibcef.dylib.jnilib, 0x0001): tried: '/Library/Java/Extensions/libliblibcef.dylib.jnilib' (no such file), '/System/Volumes/Preboot/Cryp
Event: 30.992 Loading shared library /Network/Library/Java/Extensions/libliblibcef.dylib.dylib failed, dlopen(/Network/Library/Java/Extensions/libliblibcef.dylib.dylib, 0x0001): tried: '/Network/Library/Java/Extensions/libliblibcef.dylib.dylib' (no such file), '/System
Event: 30.992 Loading shared library /Network/Library/Java/Extensions/libliblibcef.dylib.jnilib failed, dlopen(/Network/Library/Java/Extensions/libliblibcef.dylib.jnilib, 0x0001): tried: '/Network/Library/Java/Extensions/libliblibcef.dylib.jnilib' (no such file), '/Sys
Event: 30.992 Loading shared library /System/Library/Java/Extensions/libliblibcef.dylib.dylib failed, dlopen(/System/Library/Java/Extensions/libliblibcef.dylib.dylib, 0x0001): tried: '/System/Library/Java/Extensions/libliblibcef.dylib.dylib' (no such file), '/System/Vo
Event: 30.992 Loading shared library /System/Library/Java/Extensions/libliblibcef.dylib.jnilib failed, dlopen(/System/Library/Java/Extensions/libliblibcef.dylib.jnilib, 0x0001): tried: '/System/Library/Java/Extensions/libliblibcef.dylib.jnilib' (no such file), '/System
Event: 30.993 Loading shared library /usr/lib/java/libliblibcef.dylib.dylib failed, dlopen(/usr/lib/java/libliblibcef.dylib.dylib, 0x0001): tried: '/usr/lib/java/libliblibcef.dylib.dylib' (no such file), '/System/Volumes/Preboot/Cryptexes/OS/usr/lib/java/libliblibcef.d
Event: 30.993 Loading shared library /usr/lib/java/libliblibcef.dylib.jnilib failed, dlopen(/usr/lib/java/libliblibcef.dylib.jnilib, 0x0001): tried: '/usr/lib/java/libliblibcef.dylib.jnilib' (no such file), '/System/Volumes/Preboot/Cryptexes/OS/usr/lib/java/libliblibce
Event: 30.993 Loading shared library /Users/wzw/CodeProjects/YunXDesktop/YunX/desktop/libliblibcef.dylib.dylib failed, dlopen(/Users/wzw/CodeProjects/YunXDesktop/YunX/desktop/libliblibcef.dylib.dylib, 0x0001): tried: '/Users/wzw/CodeProjects/YunXDesktop/YunX/desktop/li
Event: 30.993 Loading shared library /Users/wzw/CodeProjects/YunXDesktop/YunX/desktop/libliblibcef.dylib.jnilib failed, dlopen(/Users/wzw/CodeProjects/YunXDesktop/YunX/desktop/libliblibcef.dylib.jnilib, 0x0001): tried: '/Users/wzw/CodeProjects/YunXDesktop/YunX/desktop/
Event: 31.005 Loaded shared library /Users/wzw/tools/jdk-17.0.20.1+1/Contents/Home/lib/libawt.dylib
Event: 31.005 Loaded shared library /Users/wzw/tools/jdk-17.0.20.1+1/Contents/Home/lib/libawt_lwawt.dylib
Event: 31.016 Loaded shared library /Users/wzw/tools/jdk-17.0.20.1+1/Contents/Home/lib/libfontmanager.dylib

Deoptimization events (20 events):
Event: 31.001 Thread 0x0000000102a10420 Uncommon trap: trap_request=0xffffff45 fr.pc=0x000000011d7637c8 relative=0x0000000000000688
Event: 31.001 Thread 0x0000000102a10420 Uncommon trap: reason=unstable_if action=reinterpret pc=0x000000011d7637c8 method=sun.nio.cs.UTF_8$Encoder.encodeArrayLoop(Ljava/nio/CharBuffer;Ljava/nio/ByteBuffer;)Ljava/nio/charset/CoderResult; @ 103 c2
Event: 31.001 Thread 0x0000000102a10420 DEOPT PACKING pc=0x000000011d7637c8 sp=0x000000016dff5020
Event: 31.001 Thread 0x0000000102a10420 DEOPT UNPACKING pc=0x000000011d0f791c sp=0x000000016dff4c60 mode 2
Event: 31.001 Thread 0x0000000102a10420 Uncommon trap: trap_request=0xffffff45 fr.pc=0x000000011d713cac relative=0x00000000000002ec
Event: 31.001 Thread 0x0000000102a10420 Uncommon trap: reason=unstable_if action=reinterpret pc=0x000000011d713cac method=java.lang.StringCoding.implEncodeAsciiArray([CI[BII)I @ 7 c2
Event: 31.001 Thread 0x0000000102a10420 DEOPT PACKING pc=0x000000011d713cac sp=0x000000016dff4dd0
Event: 31.001 Thread 0x0000000102a10420 DEOPT UNPACKING pc=0x000000011d0f791c sp=0x000000016dff4d50 mode 2
Event: 31.002 Thread 0x0000000102a10420 Uncommon trap: trap_request=0xffffff45 fr.pc=0x000000011d77b428 relative=0x0000000000000828
Event: 31.002 Thread 0x0000000102a10420 Uncommon trap: reason=unstable_if action=reinterpret pc=0x000000011d77b428 method=sun.nio.cs.StreamEncoder.implFlushBuffer()V @ 7 c2
Event: 31.002 Thread 0x0000000102a10420 DEOPT PACKING pc=0x000000011d77b428 sp=0x000000016dff4f60
Event: 31.002 Thread 0x0000000102a10420 DEOPT UNPACKING pc=0x000000011d0f791c sp=0x000000016dff4ed0 mode 2
Event: 31.120 Thread 0x00000077a9a02400 Uncommon trap: trap_request=0xffffff5c fr.pc=0x000000011d83598c relative=0x0000000000000b4c
Event: 31.120 Thread 0x00000077a9a02400 Uncommon trap: reason=speculate_null_check action=make_not_entrant pc=0x000000011d83598c method=java.util.concurrent.locks.AbstractQueuedSynchronizer.acquire(Ljava/util/concurrent/locks/AbstractQueuedSynchronizer$Node;IZZZJ)I @ 254 c2
Event: 31.120 Thread 0x00000077a9a02400 DEOPT PACKING pc=0x000000011d83598c sp=0x0000000173a2a5e0
Event: 31.120 Thread 0x00000077a9a02400 DEOPT UNPACKING pc=0x000000011d0f791c sp=0x0000000173a2a530 mode 2
Event: 31.121 Thread 0x0000000102a10420 Uncommon trap: trap_request=0xffffff45 fr.pc=0x000000011d6d4818 relative=0x0000000000001598
Event: 31.121 Thread 0x0000000102a10420 Uncommon trap: reason=unstable_if action=reinterpret pc=0x000000011d6d4818 method=java.util.concurrent.ConcurrentHashMap.transfer([Ljava/util/concurrent/ConcurrentHashMap$Node;[Ljava/util/concurrent/ConcurrentHashMap$Node;)V @ 26 c2
Event: 31.121 Thread 0x0000000102a10420 DEOPT PACKING pc=0x000000011d6d4818 sp=0x000000016dff3e80
Event: 31.122 Thread 0x0000000102a10420 DEOPT UNPACKING pc=0x000000011d0f791c sp=0x000000016dff3db0 mode 2

Classes loaded (20 events):
Event: 31.120 Loading class java/awt/EventFilter$FilterAction
Event: 31.120 Loading class java/awt/EventFilter$FilterAction done
Event: 31.120 Loading class sun/awt/dnd/SunDragSourceContextPeer
Event: 31.120 Loading class java/awt/dnd/peer/DragSourceContextPeer
Event: 31.120 Loading class java/awt/dnd/peer/DragSourceContextPeer done
Event: 31.120 Loading class sun/awt/dnd/SunDragSourceContextPeer done
Event: 31.120 Loading class java/awt/EventQueue$4
Event: 31.120 Loading class java/awt/EventQueue$4 done
Event: 31.120 Loading class java/awt/MenuComponent
Event: 31.121 Loading class java/awt/MenuComponent done
Event: 31.121 Loading class java/awt/TrayIcon
Event: 31.121 Loading class java/awt/TrayIcon done
Event: 31.121 Loading class java/awt/event/InputMethodEvent
Event: 31.121 Loading class java/awt/event/InputMethodEvent done
Event: 31.121 Loading class java/awt/event/ActionEvent
Event: 31.121 Loading class java/util/concurrent/CompletableFuture$UniRun
Event: 31.121 Loading class java/awt/event/ActionEvent done
Event: 31.121 Loading class java/util/concurrent/CompletableFuture$UniRun done
Event: 31.122 Loading class java/awt/EventQueue$1AWTInvocationLock
Event: 31.122 Loading class java/awt/EventQueue$1AWTInvocationLock done

Classes unloaded (0 events):
No events

Classes redefined (0 events):
No events

Internal exceptions (20 events):
Event: 30.196 Thread 0x0000000102a10420 Exception <a 'sun/nio/fs/UnixException'{0x000000700fc0f8b8}> (0x000000700fc0f8b8) 
thrown [src/hotspot/share/prims/jni.cpp, line 516]
Event: 30.196 Thread 0x0000000102a10420 Exception <a 'sun/nio/fs/UnixException'{0x000000700fc0fc08}> (0x000000700fc0fc08) 
thrown [src/hotspot/share/prims/jni.cpp, line 516]
Event: 30.196 Thread 0x0000000102a10420 Exception <a 'sun/nio/fs/UnixException'{0x000000700fc0ff60}> (0x000000700fc0ff60) 
thrown [src/hotspot/share/prims/jni.cpp, line 516]
Event: 30.196 Thread 0x0000000102a10420 Exception <a 'sun/nio/fs/UnixException'{0x000000700fc10318}> (0x000000700fc10318) 
thrown [src/hotspot/share/prims/jni.cpp, line 516]
Event: 30.196 Thread 0x0000000102a10420 Exception <a 'sun/nio/fs/UnixException'{0x000000700fc10680}> (0x000000700fc10680) 
thrown [src/hotspot/share/prims/jni.cpp, line 516]
Event: 30.197 Thread 0x0000000102a10420 Exception <a 'sun/nio/fs/UnixException'{0x000000700fc109e8}> (0x000000700fc109e8) 
thrown [src/hotspot/share/prims/jni.cpp, line 516]
Event: 30.197 Thread 0x0000000102a10420 Exception <a 'sun/nio/fs/UnixException'{0x000000700fc10db8}> (0x000000700fc10db8) 
thrown [src/hotspot/share/prims/jni.cpp, line 516]
Event: 30.197 Thread 0x0000000102a10420 Exception <a 'sun/nio/fs/UnixException'{0x000000700fc11180}> (0x000000700fc11180) 
thrown [src/hotspot/share/prims/jni.cpp, line 516]
Event: 30.201 Thread 0x0000000102a10420 Exception <a 'java/lang/NoSuchMethodError'{0x000000700fc1e908}: 'java.lang.Object java.lang.invoke.DirectMethodHandle$Holder.invokeStaticInit(java.lang.Object, java.lang.Object, long, java.lang.Object)'> (0x000000700fc1e908) 
thrown [src/hotspot/share/interpreter/linkResolver.cpp, line 759]
Event: 30.201 Thread 0x0000000102a10420 Exception <a 'java/lang/NoSuchMethodError'{0x000000700fc24c38}: 'java.lang.Object java.lang.invoke.DirectMethodHandle$Holder.newInvokeSpecial(java.lang.Object, java.lang.Object, long)'> (0x000000700fc24c38) 
thrown [src/hotspot/share/interpreter/linkResolver.cpp, line 759]
Event: 30.201 Thread 0x0000000102a10420 Exception <a 'java/lang/NoSuchMethodError'{0x000000700fc287a8}: 'java.lang.Object java.lang.invoke.Invokers$Holder.linkToTargetMethod(java.lang.Object, long, java.lang.Object)'> (0x000000700fc287a8) 
thrown [src/hotspot/share/interpreter/linkResolver.cpp, line 759]
Event: 30.218 Thread 0x00000077a9a00600 Implicit null exception at 0x000000011d81b89c to 0x000000011d81bf60
Event: 30.218 Thread 0x0000000102a10420 Implicit null exception at 0x000000011d7492c8 to 0x000000011d7497c4
Event: 30.672 Thread 0x0000000102a10420 Exception <a 'java/lang/NoSuchMethodError'{0x000000700fccc330}: 'void java.lang.invoke.DirectMethodHandle$Holder.invokeStatic(java.lang.Object, java.lang.Object, java.lang.Object)'> (0x000000700fccc330) 
thrown [src/hotspot/share/interpreter/linkResolver.cpp, line 759]
Event: 30.996 Thread 0x0000000102a10420 Implicit null exception at 0x000000011d742d4c to 0x000000011d742e10
Event: 31.004 Thread 0x0000000102a10420 Exception <a 'java/lang/ClassNotFoundException'{0x000000700fdc0a68}: sun/awt/resources/spi/awtProvider> (0x000000700fdc0a68) 
thrown [src/hotspot/share/classfile/systemDictionary.cpp, line 257]
Event: 31.006 Thread 0x0000000102a10420 Exception <a 'java/io/FileNotFoundException'{0x000000700fdcbd40}> (0x000000700fdcbd40) 
thrown [src/hotspot/share/prims/jni.cpp, line 516]
Event: 31.008 Thread 0x0000000102a10420 Exception <a 'java/io/FileNotFoundException'{0x000000700fdf8af0}> (0x000000700fdf8af0) 
thrown [src/hotspot/share/prims/jni.cpp, line 516]
Event: 31.010 Thread 0x0000000102a10420 Exception <a 'java/lang/ClassNotFoundException'{0x000000700fdfc820}: sun/awt/resources/spi/awtosxProvider> (0x000000700fdfc820) 
thrown [src/hotspot/share/classfile/systemDictionary.cpp, line 257]
Event: 31.120 Thread 0x0000000102a10420 Exception <a 'java/lang/NoSuchMethodError'{0x000000700fa27748}: 'void java.lang.invoke.DirectMethodHandle$Holder.invokeSpecial(java.lang.Object, java.lang.Object, java.lang.Object)'> (0x000000700fa27748) 
thrown [src/hotspot/share/interpreter/linkResolver.cpp, line 759]

VM Operations (20 events):
Event: 22.043 Executing VM operation: G1CollectForAllocation
Event: 22.047 Executing VM operation: G1CollectForAllocation done
Event: 27.065 Executing VM operation: Cleanup
Event: 27.065 Executing VM operation: Cleanup done
Event: 29.073 Executing VM operation: Cleanup
Event: 29.073 Executing VM operation: Cleanup done
Event: 29.550 Executing VM operation: G1CollectForAllocation
Event: 29.551 Executing VM operation: G1CollectForAllocation done
Event: 30.172 Executing VM operation: HandshakeAllThreads
Event: 30.172 Executing VM operation: HandshakeAllThreads done
Event: 30.202 Executing VM operation: HandshakeAllThreads
Event: 30.202 Executing VM operation: HandshakeAllThreads done
Event: 30.202 Executing VM operation: HandshakeAllThreads
Event: 30.202 Executing VM operation: HandshakeAllThreads done
Event: 30.202 Executing VM operation: HandshakeAllThreads
Event: 30.202 Executing VM operation: HandshakeAllThreads done
Event: 30.996 Executing VM operation: HandshakeAllThreads
Event: 30.996 Executing VM operation: HandshakeAllThreads done
Event: 30.996 Executing VM operation: Cleanup
Event: 30.996 Executing VM operation: Cleanup done

Memory protections (20 events):
Event: 0.254 Protecting memory [0x0000000171650000,0x000000017165c000] with protection modes 0
Event: 0.552 Protecting memory [0x000000017185c000,0x0000000171868000] with protection modes 0
Event: 0.553 Protecting memory [0x0000000171a68000,0x0000000171a74000] with protection modes 0
Event: 0.635 Protecting memory [0x0000000171c74000,0x0000000171c80000] with protection modes 0
Event: 0.635 Protecting memory [0x0000000171e80000,0x0000000171e8c000] with protection modes 0
Event: 1.500 Protecting memory [0x000000017208c000,0x0000000172098000] with protection modes 0
Event: 1.500 Protecting memory [0x0000000172298000,0x00000001722a4000] with protection modes 0
Event: 3.077 Protecting memory [0x00000001724a4000,0x00000001724b0000] with protection modes 0
Event: 3.150 Protecting memory [0x0000000172ac8000,0x0000000172ad4000] with protection modes 0
Event: 3.150 Protecting memory [0x0000000172cd4000,0x0000000172ce0000] with protection modes 0
Event: 3.150 Protecting memory [0x0000000172ee0000,0x0000000172eec000] with protection modes 0
Event: 3.544 Protecting memory [0x00000001730ec000,0x00000001730f8000] with protection modes 0
Event: 28.366 Protecting memory [0x0000000171444000,0x0000000171450000] with protection modes 3
Event: 30.202 Protecting memory [0x000000016f0ec000,0x000000016f0f8000] with protection modes 0
Event: 30.673 Protecting memory [0x0000000171444000,0x0000000171450000] with protection modes 0
Event: 30.985 Protecting memory [0x0000000171444000,0x0000000171450000] with protection modes 3
Event: 31.019 Protecting memory [0x000000016d56c000,0x000000016d578000] with protection modes 0
Event: 31.049 Protecting memory [0x0000000173590000,0x000000017359c000] with protection modes 0
Event: 31.120 Protecting memory [0x0000000173828000,0x0000000173834000] with protection modes 0
Event: 31.121 Protecting memory [0x0000000173a34000,0x0000000173a40000] with protection modes 0

Nmethod flushes (0 events):
No events

Events (20 events):
Event: 0.254 Thread 0x00000077aa2a8c00 Thread added: 0x00000077aa2a9800
Event: 0.552 Thread 0x00000077aa2a8c00 Thread added: 0x00000077aa2aa400
Event: 0.553 Thread 0x00000077aa2a8c00 Thread added: 0x00000077aa2aaa00
Event: 0.635 Thread 0x00000077aa2aaa00 Thread added: 0x00000077aa2ab000
Event: 0.635 Thread 0x00000077aa2ab000 Thread added: 0x00000077aa2ab600
Event: 1.499 Thread 0x00000077aa2aaa00 Thread added: 0x00000077aa970c00
Event: 1.500 Thread 0x00000077aa2ab600 Thread added: 0x00000077aa971200
Event: 3.077 Thread 0x00000077aaeed800 Thread added: 0x00000077aa972400
Event: 3.150 Thread 0x00000077aaeed800 Thread added: 0x00000077aa973000
Event: 3.150 Thread 0x00000077aa972400 Thread added: 0x00000077aa973600
Event: 3.150 Thread 0x0000000102a10420 Thread added: 0x00000077aa388000
Event: 3.544 Thread 0x00000077aaeed800 Thread added: 0x00000077aa38a400
Event: 28.366 Thread 0x00000077aa2a8c00 Thread exited: 0x00000077aa2a8c00
Event: 30.202 Thread 0x0000000102a10420 Thread added: 0x00000077a9a00600
Event: 30.673 Thread 0x0000000102a10420 Thread added: 0x00000077a9a00c00
Event: 30.985 Thread 0x00000077a9a00c00 Thread exited: 0x00000077a9a00c00
Event: 31.019 Thread 0x00000077a9a00c00 Thread added: 0x00000077a9a00c00
Event: 31.048 Thread 0x00000077a9a00c00 Thread added: 0x00000077a9a01200
Event: 31.120 Thread 0x0000000102a10420 Thread added: 0x00000077a9a02400
Event: 31.121 Thread 0x0000000102a10420 Thread added: 0x00000077a9a02a00


Dynamic libraries:
0x00000001020e0000 	/Users/wzw/tools/jdk-17.0.20.1+1/Contents/Home/lib/libjli.dylib
0x00000001b0b06000 	/System/Library/Frameworks/Cocoa.framework/Versions/A/Cocoa
0x0000000192ccd000 	/System/Library/Frameworks/AppKit.framework/Versions/C/AppKit
0x0000000196728000 	/System/Library/Frameworks/CoreData.framework/Versions/A/CoreData
0x000000018fdf6000 	/System/Library/Frameworks/Foundation.framework/Versions/C/Foundation
0x000000019f33a000 	/usr/lib/libSystem.B.dylib
0x000000019435b000 	/System/Library/PrivateFrameworks/UIFoundation.framework/Versions/A/UIFoundation
0x0000000243003000 	/System/Library/PrivateFrameworks/CollectionViewCore.framework/Versions/A/CollectionViewCore
0x00000001a1fc9000 	/System/Library/PrivateFrameworks/InternationalSupport.framework/Versions/A/InternationalSupport
0x00000001a231a000 	/System/Library/PrivateFrameworks/UserActivity.framework/Versions/A/UserActivity
0x000000019be4f000 	/System/Library/PrivateFrameworks/XCTTargetBootstrap.framework/Versions/A/XCTTargetBootstrap
0x00000002aff48000 	/System/Library/PrivateFrameworks/UIIntelligenceSupport.framework/Versions/A/UIIntelligenceSupport
0x0000000240597000 	/System/Library/PrivateFrameworks/CampoServices.framework/Versions/A/CampoServices
0x0000000196e02000 	/System/Library/PrivateFrameworks/BaseBoard.framework/Versions/A/BaseBoard
0x00000002557f0000 	/System/Library/PrivateFrameworks/FrontBoard.framework/Versions/A/FrontBoard
0x0000000194ebc000 	/System/Library/PrivateFrameworks/TCC.framework/Versions/A/TCC
0x00000001ab710000 	/System/Library/PrivateFrameworks/FrontBoardServices.framework/Versions/A/FrontBoardServices
0x00000002bd7a2000 	/usr/lib/libRosetta.dylib
0x00000002330bb000 	/System/Library/Frameworks/SwiftUICore.framework/Versions/A/SwiftUICore
0x00000002b7fe4000 	/System/Library/PrivateFrameworks/WritingTools.framework/Versions/A/WritingTools
0x000000029c202000 	/System/Library/PrivateFrameworks/SFSymbols.framework/Versions/A/SFSymbols
0x00000002b6cc2000 	/System/Library/PrivateFrameworks/WindowManagement.framework/Versions/A/WindowManagement
0x000000018fa5f000 	/System/Library/Frameworks/SystemConfiguration.framework/Versions/A/SystemConfiguration
0x00000001a1081000 	/usr/lib/libspindump.dylib
0x00000001944d2000 	/System/Library/Frameworks/UniformTypeIdentifiers.framework/Versions/A/UniformTypeIdentifiers
0x000000019e5dc000 	/usr/lib/libbsm.0.dylib
0x000000019951d000 	/usr/lib/libapp_launch_measurement.dylib
0x00000001987c3000 	/System/Library/PrivateFrameworks/CoreAnalytics.framework/Versions/A/CoreAnalytics
0x0000000199520000 	/System/Library/PrivateFrameworks/CoreAutoLayout.framework/Versions/A/CoreAutoLayout
0x000000019b2b3000 	/System/Library/Frameworks/Metal.framework/Versions/A/Metal
0x000000019c9df000 	/usr/lib/liblangid.dylib
0x000000019be53000 	/System/Library/PrivateFrameworks/CoreSVG.framework/Versions/A/CoreSVG
0x0000000194ee3000 	/System/Library/PrivateFrameworks/SkyLight.framework/Versions/A/SkyLight
0x00000002bba83000 	/System/Library/SubFrameworks/FocusEngine.framework/Versions/A/FocusEngine
0x000000019552c000 	/System/Library/Frameworks/CoreGraphics.framework/Versions/A/CoreGraphics
0x0000000251a00000 	/System/Library/PrivateFrameworks/DesignLibrary.framework/Versions/A/DesignLibrary
0x00000001a99f3000 	/System/Library/Frameworks/Accelerate.framework/Versions/A/Accelerate
0x00000001a0e6d000 	/System/Library/PrivateFrameworks/IconServices.framework/Versions/A/IconServices
0x000000019b290000 	/System/Library/Frameworks/IOSurface.framework/Versions/A/IOSurface
0x00000001987fa000 	/usr/lib/libDiagnosticMessagesClient.dylib
0x000000019f287000 	/usr/lib/libz.1.dylib
0x00000001adc98000 	/System/Library/Frameworks/ApplicationServices.framework/Versions/A/ApplicationServices
0x0000000239983000 	/System/Library/PrivateFrameworks/AnimationKit.framework/Versions/A/AnimationKit
0x000000019be3d000 	/System/Library/PrivateFrameworks/DFRFoundation.framework/Versions/A/DFRFoundation
0x0000000192514000 	/usr/lib/libicucore.A.dylib
0x00000001a3ad8000 	/System/Library/Frameworks/AudioToolbox.framework/Versions/A/AudioToolbox
0x00000002bbe3b000 	/System/Library/SubFrameworks/UIUtilities.framework/Versions/A/UIUtilities
0x00000001a22d0000 	/System/Library/PrivateFrameworks/DataDetectorsCore.framework/Versions/A/DataDetectorsCore
0x00000002b0c6f000 	/System/Library/PrivateFrameworks/UpdateCycle.framework/Versions/A/UpdateCycle
0x00000001c392a000 	/System/Library/PrivateFrameworks/TextInput.framework/Versions/A/TextInput
0x0000000194e18000 	/usr/lib/libMobileGestalt.dylib
0x000000019bb57000 	/System/Library/Frameworks/Carbon.framework/Versions/A/Frameworks/HIToolbox.framework/Versions/A/HIToolbox
0x0000000198d36000 	/System/Library/Frameworks/QuartzCore.framework/Versions/A/QuartzCore
0x0000000192104000 	/System/Library/Frameworks/Security.framework/Versions/A/Security
0x00000001a9441000 	/System/Library/Frameworks/Carbon.framework/Versions/A/Frameworks/SpeechRecognition.framework/Versions/A/SpeechRecognition
0x0000000199202000 	/System/Library/PrivateFrameworks/CoreUI.framework/Versions/A/CoreUI
0x0000000191965000 	/System/Library/Frameworks/CoreAudio.framework/Versions/A/CoreAudio
0x0000000198906000 	/System/Library/Frameworks/DiskArbitration.framework/Versions/A/DiskArbitration
0x00000001a158c000 	/System/Library/PrivateFrameworks/MultitouchSupport.framework/Versions/A/MultitouchSupport
0x0000000194e17000 	/usr/lib/libenergytrace.dylib
0x00000001b5a7d000 	/System/Library/PrivateFrameworks/RenderBox.framework/Versions/A/RenderBox
0x0000000192b6b000 	/System/Library/Frameworks/IOKit.framework/Versions/A/IOKit
0x00000001a97e8000 	/System/Library/Frameworks/CoreServices.framework/Versions/A/CoreServices
0x0000000199478000 	/System/Library/PrivateFrameworks/PerformanceAnalysis.framework/Versions/A/PerformanceAnalysis
0x000000021d24b000 	/System/Library/Frameworks/OpenGL.framework/Versions/A/OpenGL
0x000000019955f000 	/usr/lib/libxml2.2.dylib
0x000000019dda4000 	/System/Library/PrivateFrameworks/MobileKeyBag.framework/Versions/A/MobileKeyBag
0x000000018e1f8000 	/usr/lib/libobjc.A.dylib
0x000000018e58f000 	/usr/lib/libc++.1.dylib
0x00000001a9771000 	/System/Library/Frameworks/Accessibility.framework/Versions/A/Accessibility
0x00000001961f8000 	/System/Library/Frameworks/ColorSync.framework/Versions/A/ColorSync
0x000000018e6c4000 	/System/Library/Frameworks/CoreFoundation.framework/Versions/A/CoreFoundation
0x000000019c35e000 	/System/Library/Frameworks/CoreImage.framework/Versions/A/CoreImage
0x0000000191740000 	/System/Library/Frameworks/CoreText.framework/Versions/A/CoreText
0x000000022afe0000 	/System/Library/Frameworks/CoreTransferable.framework/Versions/A/CoreTransferable
0x000000022b3e7000 	/System/Library/Frameworks/DataDetection.framework/Versions/A/DataDetection
0x000000022b421000 	/System/Library/Frameworks/DeveloperToolsSupport.framework/Versions/A/DeveloperToolsSupport
0x000000019be91000 	/System/Library/Frameworks/ImageIO.framework/Versions/A/ImageIO
0x00000002341dc000 	/System/Library/Frameworks/Symbols.framework/Versions/A/Symbols
0x00000001c91ac000 	/System/Library/PrivateFrameworks/AttributeGraph.framework/Versions/A/AttributeGraph
0x00000001ad5ea000 	/System/Library/PrivateFrameworks/BackBoardServices.framework/Versions/A/BackBoardServices
0x00000001ab7c4000 	/System/Library/PrivateFrameworks/BoardServices.framework/Versions/A/BoardServices
0x0000000242eb1000 	/System/Library/PrivateFrameworks/CollectionsInternal.framework/Versions/A/CollectionsInternal
0x000000020f909000 	/System/Library/PrivateFrameworks/FeatureFlags.framework/Versions/A/FeatureFlags
0x0000000259914000 	/System/Library/PrivateFrameworks/Gestures.framework/Versions/A/Gestures
0x00000002995d0000 	/System/Library/PrivateFrameworks/SceneHosting.framework/Versions/A/SceneHosting
0x000000019f33e000 	/System/Library/PrivateFrameworks/SoftLinking.framework/Versions/A/SoftLinking
0x00000001d7eb1000 	/usr/lib/swift/libswiftAccelerate.dylib
0x00000001cd818000 	/usr/lib/swift/libswiftCompression.dylib
0x00000001a345c000 	/usr/lib/swift/libswiftCore.dylib
0x00000001bfeff000 	/usr/lib/swift/libswiftCoreFoundation.dylib
0x00000001bff58000 	/usr/lib/swift/libswiftCoreImage.dylib
0x00000001ab460000 	/usr/lib/swift/libswiftDispatch.dylib
0x00000001bff59000 	/usr/lib/swift/libswiftIOKit.dylib
0x00000001cd810000 	/usr/lib/swift/libswiftMetal.dylib
0x00000001ddcf7000 	/usr/lib/swift/libswiftOSLog.dylib
0x00000001ae7bd000 	/usr/lib/swift/libswiftObjectiveC.dylib
0x00000002be2b2000 	/usr/lib/swift/libswiftObservation.dylib
0x00000001d368a000 	/usr/lib/swift/libswiftQuartzCore.dylib
0x00000002be3df000 	/usr/lib/swift/libswiftSpatial.dylib
0x00000002be45b000 	/usr/lib/swift/libswiftSynchronization.dylib
0x00000001d7ea3000 	/usr/lib/swift/libswiftUniformTypeIdentifiers.dylib
0x00000001bff0e000 	/usr/lib/swift/libswiftXPC.dylib
0x00000002bdc39000 	/usr/lib/swift/libswift_Builtin_float.dylib
0x00000002bdc3a000 	/usr/lib/swift/libswift_Concurrency.dylib
0x00000001ae7c1000 	/usr/lib/swift/libswiftos.dylib
0x00000001c36c0000 	/usr/lib/swift/libswiftsimd.dylib
0x000000019f5e3000 	/usr/lib/libcompression.dylib
0x00000001a1f2c000 	/System/Library/PrivateFrameworks/TextureIO.framework/Versions/A/TextureIO
0x0000000195ce2000 	/System/Library/Frameworks/ApplicationServices.framework/Versions/A/Frameworks/HIServices.framework/Versions/A/HIServices
0x00000001a0b2f000 	/usr/lib/libate.dylib
0x000000019f335000 	/usr/lib/system/libcache.dylib
0x000000019f2f2000 	/usr/lib/system/libcommonCrypto.dylib
0x000000019f31b000 	/usr/lib/system/libcompiler_rt.dylib
0x000000019f310000 	/usr/lib/system/libcopyfile.dylib
0x000000018e3b5000 	/usr/lib/system/libcorecrypto.dylib
0x000000018e4c2000 	/usr/lib/system/libdispatch.dylib
0x000000018e253000 	/usr/lib/system/libdyld.dylib
0x000000019f32b000 	/usr/lib/system/libkeymgr.dylib
0x000000019f2d5000 	/usr/lib/system/libmacho.dylib
0x000000019e5b4000 	/usr/lib/system/libquarantine.dylib
0x000000019f328000 	/usr/lib/system/libremovefile.dylib
0x0000000194ea4000 	/usr/lib/system/libsystem_asl.dylib
0x000000018e33a000 	/usr/lib/system/libsystem_blocks.dylib
0x000000018e50c000 	/usr/lib/system/libsystem_c.dylib
0x000000019f31f000 	/usr/lib/system/libsystem_collections.dylib
0x000000019c9cd000 	/usr/lib/system/libsystem_configuration.dylib
0x000000019b254000 	/usr/lib/system/libsystem_containermanager.dylib
0x000000019ecc6000 	/usr/lib/system/libsystem_coreservices.dylib
0x00000001927f7000 	/usr/lib/system/libsystem_darwin.dylib
0x00000002be5f9000 	/usr/lib/system/libsystem_darwindirectory.dylib
0x000000019f32c000 	/usr/lib/system/libsystem_dnssd.dylib
0x00000002be5fd000 	/usr/lib/system/libsystem_eligibility.dylib
0x000000018e509000 	/usr/lib/system/libsystem_featureflags.dylib
0x000000018e695000 	/usr/lib/system/libsystem_info.dylib
0x000000019f296000 	/usr/lib/system/libsystem_m.dylib
0x000000018e46b000 	/usr/lib/system/libsystem_malloc.dylib
0x0000000194dfc000 	/usr/lib/system/libsystem_networkextension.dylib
0x0000000192c52000 	/usr/lib/system/libsystem_notify.dylib
0x000000019c9d2000 	/usr/lib/system/libsystem_sandbox.dylib
0x00000002be608000 	/usr/lib/system/libsystem_sanitizers.dylib
0x000000019f325000 	/usr/lib/system/libsystem_secinit.dylib
0x000000018e63f000 	/usr/lib/system/libsystem_kernel.dylib
0x000000018e68b000 	/usr/lib/system/libsystem_platform.dylib
0x000000018e67e000 	/usr/lib/system/libsystem_pthread.dylib
0x0000000196fb5000 	/usr/lib/system/libsystem_symptoms.dylib
0x000000018e394000 	/usr/lib/system/libsystem_trace.dylib
0x00000002be612000 	/usr/lib/system/libsystem_trial.dylib
0x000000019f2ff000 	/usr/lib/system/libunwind.dylib
0x000000018e33e000 	/usr/lib/system/libxpc.dylib
0x000000018e625000 	/usr/lib/libc++abi.dylib
0x0000000195df4000 	/usr/lib/objc/libobjcMsgSend.dylib
0x00000001a09de000 	/usr/lib/liblzma.5.dylib
0x000000028f130000 	/System/Library/PrivateFrameworks/NSPredicateSecurityPolicy.framework/Versions/A/NSPredicateSecurityPolicy
0x000000019f33c000 	/usr/lib/libfakelink.dylib
0x0000000194a80000 	/System/Library/Frameworks/CFNetwork.framework/Versions/A/CFNetwork
0x000000019f38f000 	/usr/lib/libarchive.2.dylib
0x00000001a5cbb000 	/System/Library/Frameworks/Combine.framework/Versions/A/Combine
0x00000002981b0000 	/System/Library/PrivateFrameworks/ReflectionInternal.framework/Versions/A/ReflectionInternal
0x0000000299390000 	/System/Library/PrivateFrameworks/RuntimeInternal.framework/Versions/A/RuntimeInternal
0x00000001bc610000 	/usr/lib/swift/libswiftDarwin.dylib
0x00000002be46f000 	/usr/lib/swift/libswiftSystem.dylib
0x00000002bdcc7000 	/usr/lib/swift/libswift_DarwinFoundation1.dylib
0x00000002be1f8000 	/usr/lib/swift/libswift_StringProcessing.dylib
0x0000000192af2000 	/System/Library/PrivateFrameworks/CoreServicesInternal.framework/Versions/A/CoreServicesInternal
0x000000019f309000 	/usr/lib/liboah.dylib
0x00000001ad7c6000 	/System/Library/PrivateFrameworks/DiskImages.framework/Versions/A/DiskImages
0x00000001bc131000 	/System/Library/Frameworks/NetFS.framework/Versions/A/NetFS
0x00000001994ef000 	/System/Library/Frameworks/CoreServices.framework/Versions/A/Frameworks/FSEvents.framework/Versions/A/FSEvents
0x0000000192801000 	/System/Library/Frameworks/CoreServices.framework/Versions/A/Frameworks/CarbonCore.framework/Versions/A/CarbonCore
0x0000000198885000 	/System/Library/Frameworks/CoreServices.framework/Versions/A/Frameworks/Metadata.framework/Versions/A/Metadata
0x000000019eccd000 	/System/Library/Frameworks/CoreServices.framework/Versions/A/Frameworks/OSServices.framework/Versions/A/OSServices
0x000000019f487000 	/System/Library/Frameworks/CoreServices.framework/Versions/A/Frameworks/SearchKit.framework/Versions/A/SearchKit
0x0000000196f30000 	/System/Library/Frameworks/CoreServices.framework/Versions/A/Frameworks/AE.framework/Versions/A/AE
0x000000018eb58000 	/System/Library/Frameworks/CoreServices.framework/Versions/A/Frameworks/LaunchServices.framework/Versions/A/LaunchServices
0x00000001a0988000 	/System/Library/Frameworks/CoreServices.framework/Versions/A/Frameworks/DictionaryServices.framework/Versions/A/DictionaryServices
0x00000001994fb000 	/System/Library/Frameworks/CoreServices.framework/Versions/A/Frameworks/SharedFileList.framework/Versions/A/SharedFileList
0x000000019f518000 	/usr/lib/libapple_nghttp2.dylib
0x0000000196b68000 	/usr/lib/libsqlite3.dylib
0x0000000196fbd000 	/System/Library/Frameworks/Network.framework/Versions/A/Network
0x000000019f2d9000 	/usr/lib/system/libkxld.dylib
0x000000023b4ac000 	/System/Library/PrivateFrameworks/AppleKeyStore.framework/Versions/A/AppleKeyStore
0x00000002bc6a5000 	/usr/lib/libCoreEntitlements.dylib
0x00000002bd9b8000 	/usr/lib/libTLE.dylib
0x0000000274a56000 	/System/Library/PrivateFrameworks/MessageSecurity.framework/Versions/A/MessageSecurity
0x0000000195d9f000 	/System/Library/PrivateFrameworks/ProtocolBuffer.framework/Versions/A/ProtocolBuffer
0x00000001aa954000 	/System/Library/PrivateFrameworks/SymptomDiagnosticReporter.framework/Versions/A/SymptomDiagnosticReporter
0x00000001a0bc9000 	/System/Library/PrivateFrameworks/CrashReporterSupport.framework/Versions/A/CrashReporterSupport
0x00000001abd30000 	/System/Library/PrivateFrameworks/CoreTime.framework/Versions/A/CoreTime
0x000000019ecae000 	/System/Library/PrivateFrameworks/AppleFSCompression.framework/Versions/A/AppleFSCompression
0x000000019e5c4000 	/usr/lib/libcoretls.dylib
0x00000001a09fd000 	/usr/lib/libcoretls_cfhelpers.dylib
0x000000019f5dd000 	/usr/lib/libpam.2.dylib
0x00000001a0a70000 	/usr/lib/libxar.1.dylib
0x00000001a09ff000 	/System/Library/PrivateFrameworks/APFS.framework/Versions/A/APFS
0x00000002a993d000 	/System/Library/PrivateFrameworks/SwiftASN1Internal.framework/Versions/A/SwiftASN1Internal
0x00000001a0a7f000 	/usr/lib/libutil.dylib
0x00000002bd8fe000 	/usr/lib/libswiftPrespecialized.dylib
0x000000019c9db000 	/System/Library/PrivateFrameworks/AppleSystemInfo.framework/Versions/A/AppleSystemInfo
0x000000019dd5c000 	/System/Library/PrivateFrameworks/IOMobileFramebuffer.framework/Versions/A/IOMobileFramebuffer
0x0000000243386000 	/System/Library/PrivateFrameworks/ConnectedMode.framework/Versions/A/ConnectedMode
0x0000000232f06000 	/System/Library/Frameworks/SwiftData.framework/Versions/A/SwiftData
0x00000001949aa000 	/usr/lib/libboringssl.dylib
0x0000000196fa3000 	/usr/lib/libdns_services.dylib
0x00000001bd034000 	/usr/lib/libquic.dylib
0x00000001a33ee000 	/usr/lib/libusrtcp.dylib
0x000000023dd8a000 	/System/Library/PrivateFrameworks/AtomicsInternal.framework/Versions/A/AtomicsInternal
0x00000001e5c2c000 	/System/Library/PrivateFrameworks/InternalSwiftProtobuf.framework/Versions/A/InternalSwiftProtobuf
0x00000002be28c000 	/usr/lib/swift/libswiftDistributed.dylib
0x00000002bdcca000 	/usr/lib/swift/libswift_DarwinFoundation2.dylib
0x00000002bdccb000 	/usr/lib/swift/libswift_DarwinFoundation3.dylib
0x00000002bdcce000 	/usr/lib/swift/libswift_RegexParser.dylib
0x00000001a0e0f000 	/usr/lib/libheimdal-asn1.dylib
0x000000019f4f4000 	/System/Library/PrivateFrameworks/AppleSauce.framework/Versions/A/AppleSauce
0x00000001d2282000 	/System/Library/PrivateFrameworks/OSAnalytics.framework/Versions/A/OSAnalytics
0x00000002520f5000 	/System/Library/PrivateFrameworks/DeviceRecovery.framework/Versions/A/DeviceRecovery
0x00000001abbc8000 	/System/Library/PrivateFrameworks/CoreSymbolication.framework/Versions/A/CoreSymbolication
0x00000001e22eb000 	/System/Library/PrivateFrameworks/Symbolication.framework/Versions/A/Symbolication
0x00000002bdd6b000 	/usr/lib/swift/libswiftAppleArchive.dylib
0x00000002bbf33000 	/usr/lib/libAppleArchive.dylib
0x00000001ea715000 	/System/Library/Frameworks/CryptoKit.framework/Versions/A/CryptoKit
0x000000019ecb9000 	/usr/lib/libbz2.1.0.dylib
0x00000001add90000 	/System/Library/PrivateFrameworks/CryptoKitCBridging.framework/Versions/A/CryptoKitCBridging
0x00000001ab8ac000 	/System/Library/Frameworks/CryptoTokenKit.framework/Versions/A/CryptoTokenKit
0x00000001a0d01000 	/System/Library/PrivateFrameworks/PlugInKit.framework/Versions/A/PlugInKit
0x0000000199480000 	/System/Library/Frameworks/OpenDirectory.framework/Versions/A/OpenDirectory
0x00000001a3d37000 	/System/Library/Frameworks/ApplicationServices.framework/Versions/A/Frameworks/ATS.framework/Versions/A/ATS
0x00000001a1ec0000 	/System/Library/Frameworks/ApplicationServices.framework/Versions/A/Frameworks/PrintCore.framework/Versions/A/PrintCore
0x00000001a408c000 	/System/Library/Frameworks/ApplicationServices.framework/Versions/A/Frameworks/QD.framework/Versions/A/QD
0x00000001a4087000 	/System/Library/Frameworks/ApplicationServices.framework/Versions/A/Frameworks/ColorSyncLegacy.framework/Versions/A/ColorSyncLegacy
0x00000001a3d2c000 	/System/Library/Frameworks/ApplicationServices.framework/Versions/A/Frameworks/SpeechSynthesis.framework/Versions/A/SpeechSynthesis
0x000000019b8b6000 	/System/Library/PrivateFrameworks/FontServices.framework/libFontParser.dylib
0x000000023edff000 	/System/Library/PrivateFrameworks/BiomeLibrary.framework/Versions/A/BiomeLibrary
0x000000023eca3000 	/System/Library/PrivateFrameworks/BackBoardHIDEventFoundation.framework/Versions/A/BackBoardHIDEventFoundation
0x0000000199646000 	/System/Library/Frameworks/CoreVideo.framework/Versions/A/CoreVideo
0x0000000191261000 	/System/Library/Frameworks/CoreDisplay.framework/Versions/A/CoreDisplay
0x00000001a15d0000 	/System/Library/Frameworks/VideoToolbox.framework/Versions/A/VideoToolbox
0x000000019f5db000 	/System/Library/Frameworks/MetalPerformanceShaders.framework/Versions/A/MetalPerformanceShaders
0x0000000297473000 	/System/Library/PrivateFrameworks/ProDisplayLibrary.framework/Versions/A/ProDisplayLibrary
0x00000001b15ee000 	/System/Library/PrivateFrameworks/IOSurfaceAccelerator.framework/Versions/A/IOSurfaceAccelerator
0x0000000196ed7000 	/System/Library/PrivateFrameworks/RunningBoardServices.framework/Versions/A/RunningBoardServices
0x000000019b2a9000 	/System/Library/PrivateFrameworks/IOAccelerator.framework/Versions/A/IOAccelerator
0x000000019b564000 	/System/Library/Frameworks/CoreMedia.framework/Versions/A/CoreMedia
0x00000001a3f3c000 	/usr/lib/libSMC.dylib
0x00000001a158a000 	/System/Library/PrivateFrameworks/WatchdogClient.framework/Versions/A/WatchdogClient
0x000000023ecf5000 	/System/Library/PrivateFrameworks/BackBoardHIDTouchEventProcessor.framework/Versions/A/BackBoardHIDTouchEventProcessor
0x00000001bfee0000 	/usr/lib/swift/libswiftCoreAudio.dylib
0x00000001cec2d000 	/System/Library/PrivateFrameworks/BiomeStreams.framework/Versions/A/BiomeStreams
0x00000001d5436000 	/System/Library/PrivateFrameworks/BiomeStorage.framework/Versions/A/BiomeStorage
0x00000001caefd000 	/System/Library/PrivateFrameworks/BiomeFoundation.framework/Versions/A/BiomeFoundation
0x000000026ee13000 	/System/Library/PrivateFrameworks/IntelligencePlatformLibrary.framework/Versions/A/IntelligencePlatformLibrary
0x00000002954db000 	/System/Library/PrivateFrameworks/PoirotSchematizer.framework/Versions/A/PoirotSchematizer
0x000000023f65a000 	/System/Library/PrivateFrameworks/BiomeSync.framework/Versions/A/BiomeSync
0x000000023edeb000 	/System/Library/PrivateFrameworks/BiomeDSL.framework/Versions/A/BiomeDSL
0x00000001d53e5000 	/System/Library/PrivateFrameworks/BiomePubSub.framework/Versions/A/BiomePubSub
0x00000001bfdd9000 	/System/Library/PrivateFrameworks/LoggingSupport.framework/Versions/A/LoggingSupport
0x00000001af6f7000 	/System/Library/PrivateFrameworks/ProactiveSupport.framework/Versions/A/ProactiveSupport
0x0000000295598000 	/System/Library/PrivateFrameworks/PoirotUDFs.framework/Versions/A/PoirotUDFs
0x00000001a411f000 	/System/Library/PrivateFrameworks/MobileAsset.framework/Versions/A/MobileAsset
0x00000001adc99000 	/System/Library/PrivateFrameworks/InternationalTextSearch.framework/Versions/A/InternationalTextSearch
0x00000001c74f9000 	/System/Library/PrivateFrameworks/SoftwareUpdateCoreSupport.framework/Versions/A/SoftwareUpdateCoreSupport
0x00000001cdda1000 	/System/Library/PrivateFrameworks/SoftwareUpdateCoreConnect.framework/Versions/A/SoftwareUpdateCoreConnect
0x00000001ae751000 	/System/Library/PrivateFrameworks/StreamingZip.framework/Versions/A/StreamingZip
0x00000001ad8b9000 	/System/Library/PrivateFrameworks/RemoteServiceDiscovery.framework/Versions/A/RemoteServiceDiscovery
0x00000001c5b8a000 	/System/Library/PrivateFrameworks/MSUDataAccessor.framework/Versions/A/MSUDataAccessor
0x00000001c1cc6000 	/usr/lib/libbootpolicy.dylib
0x0000000199723000 	/System/Library/PrivateFrameworks/UserManagement.framework/Versions/A/UserManagement
0x00000001d80b3000 	/usr/lib/libpartition2_dynamic.dylib
0x00000001ad8cf000 	/System/Library/PrivateFrameworks/RemoteXPC.framework/Versions/A/RemoteXPC
0x00000001cdc31000 	/usr/lib/libFDR.dylib
0x00000001d5005000 	/usr/lib/libamsupport.dylib
0x00000002bd79b000 	/usr/lib/libReverseProxyDevice.dylib
0x000000023ac5d000 	/System/Library/PrivateFrameworks/AppleDeviceQuerySupport.framework/Versions/A/AppleDeviceQuerySupport
0x000000019c9d9000 	/System/Library/PrivateFrameworks/AggregateDictionary.framework/Versions/A/AggregateDictionary
0x0000000198910000 	/System/Library/Frameworks/Accelerate.framework/Versions/A/Frameworks/vImage.framework/Versions/A/vImage
0x00000001a97cb000 	/System/Library/Frameworks/Accelerate.framework/Versions/A/Frameworks/vecLib.framework/Versions/A/vecLib
0x00000001a0ab5000 	/System/Library/Frameworks/Accelerate.framework/Versions/A/Frameworks/vecLib.framework/Versions/A/libvMisc.dylib
0x000000018f00c000 	/System/Library/Frameworks/Accelerate.framework/Versions/A/Frameworks/vecLib.framework/Versions/A/libBLAS.dylib
0x000000025ad35000 	/System/Library/PrivateFrameworks/GPUCompiler.framework/Versions/32023/Libraries/libllvm-flatbuffers.dylib
0x000000025575f000 	/System/Library/PrivateFrameworks/FramePacing.framework/Versions/A/FramePacing
0x000000021d23e000 	/System/Library/Frameworks/OpenGL.framework/Versions/A/Libraries/libCoreFSCache.dylib
0x000000025ad2f000 	/System/Library/PrivateFrameworks/GPUCompiler.framework/Versions/32023/Libraries/libGPUCompilerUtils.dylib
0x000000021d29b000 	/System/Library/Frameworks/OpenGL.framework/Versions/A/Libraries/libGLU.dylib
0x000000021d25e000 	/System/Library/Frameworks/OpenGL.framework/Versions/A/Libraries/libGFXShared.dylib
0x000000021d42a000 	/System/Library/Frameworks/OpenGL.framework/Versions/A/Libraries/libGL.dylib
0x000000021d267000 	/System/Library/Frameworks/OpenGL.framework/Versions/A/Libraries/libGLImage.dylib
0x000000021d25b000 	/System/Library/Frameworks/OpenGL.framework/Versions/A/Libraries/libCVMSPluginSupport.dylib
0x000000021d245000 	/System/Library/Frameworks/OpenGL.framework/Versions/A/Libraries/libCoreVMClient.dylib
0x000000019e1f8000 	/System/Library/Frameworks/Accelerate.framework/Versions/A/Frameworks/vecLib.framework/Versions/A/libvDSP.dylib
0x000000019f6c6000 	/System/Library/Frameworks/Accelerate.framework/Versions/A/Frameworks/vecLib.framework/Versions/A/libLAPACK.dylib
0x000000019e651000 	/System/Library/Frameworks/Accelerate.framework/Versions/A/Frameworks/vecLib.framework/Versions/A/libLinearAlgebra.dylib
0x000000019f531000 	/System/Library/Frameworks/Accelerate.framework/Versions/A/Frameworks/vecLib.framework/Versions/A/libSparseBLAS.dylib
0x000000019f6c1000 	/System/Library/Frameworks/Accelerate.framework/Versions/A/Frameworks/vecLib.framework/Versions/A/libQuadrature.dylib
0x000000019cb04000 	/System/Library/Frameworks/Accelerate.framework/Versions/A/Frameworks/vecLib.framework/Versions/A/libBNNS.dylib
0x000000018f8f2000 	/System/Library/Frameworks/Accelerate.framework/Versions/A/Frameworks/vecLib.framework/Versions/A/libSparse.dylib
0x0000000275178000 	/System/Library/PrivateFrameworks/MIL.framework/Versions/A/MIL
0x000000019f374000 	/usr/lib/libiconv.2.dylib
0x000000019f2d4000 	/usr/lib/libcharset.1.dylib
0x000000029555b000 	/System/Library/PrivateFrameworks/PoirotSQLite.framework/Versions/A/PoirotSQLite
0x0000000240c6f000 	/System/Library/PrivateFrameworks/CascadeSets.framework/Versions/A/CascadeSets
0x00000001ad9ed000 	/System/Library/PrivateFrameworks/AppSupport.framework/Versions/A/AppSupport
0x00000001a4262000 	/System/Library/PrivateFrameworks/CorePhoneNumbers.framework/Versions/A/CorePhoneNumbers
0x00000001a143d000 	/System/Library/PrivateFrameworks/AppleJPEG.framework/Versions/A/AppleJPEG
0x00000001a0df4000 	/usr/lib/libexpat.1.dylib
0x00000001a1d97000 	/System/Library/Frameworks/ImageIO.framework/Versions/A/Resources/libPng.dylib
0x00000001a1dc2000 	/System/Library/Frameworks/ImageIO.framework/Versions/A/Resources/libTIFF.dylib
0x00000001a1ea8000 	/System/Library/Frameworks/ImageIO.framework/Versions/A/Resources/libGIF.dylib
0x00000001a1483000 	/System/Library/Frameworks/ImageIO.framework/Versions/A/Resources/libJP2.dylib
0x00000001a1e50000 	/System/Library/Frameworks/ImageIO.framework/Versions/A/Resources/libJPEG.dylib
0x00000001a1e48000 	/System/Library/Frameworks/ImageIO.framework/Versions/A/Resources/libRadiance.dylib
0x00000002be2d7000 	/usr/lib/swift/libswiftRegexBuilder.dylib
0x000000022b6d7000 	/System/Library/Frameworks/ExtensionFoundation.framework/Versions/A/ExtensionFoundation
0x00000001a1075000 	/System/Library/PrivateFrameworks/AppServerSupport.framework/Versions/A/AppServerSupport
0x0000000291030000 	/System/Library/PrivateFrameworks/OSEligibility.framework/Versions/A/OSEligibility
0x000000022d53e000 	/System/Library/Frameworks/LightweightCodeRequirements.framework/Versions/A/LightweightCodeRequirements
0x000000019e4f8000 	/System/Library/PrivateFrameworks/AssertionServices.framework/Versions/A/AssertionServices
0x00000001e5b5c000 	/System/Library/Frameworks/OSLog.framework/Versions/A/OSLog
0x00000001af838000 	/System/Library/PrivateFrameworks/ASEProcessing.framework/Versions/A/ASEProcessing
0x0000000293da0000 	/System/Library/PrivateFrameworks/PhotosensitivityProcessing.framework/Versions/A/PhotosensitivityProcessing
0x00000001cdce5000 	/System/Library/PrivateFrameworks/TimeSync.framework/Versions/A/TimeSync
0x000000023bfe4000 	/System/Library/PrivateFrameworks/AppleMSG.framework/Versions/A/AppleMSG
0x000000029c9d4000 	/System/Library/PrivateFrameworks/SILManager.framework/Versions/A/SILManager
0x00000001a1025000 	/System/Library/PrivateFrameworks/GraphVisualizer.framework/Versions/A/GraphVisualizer
0x000000025575b000 	/System/Library/PrivateFrameworks/FontServices.framework/Versions/A/FontServices
0x00000001a103c000 	/System/Library/PrivateFrameworks/OTSVG.framework/Versions/A/OTSVG
0x00000001991b1000 	/System/Library/Frameworks/ApplicationServices.framework/Versions/A/Frameworks/ATS.framework/Versions/A/Resources/libFontRegistry.dylib
0x00000002bcc7e000 	/usr/lib/libhvf.dylib
0x0000000291151000 	/System/Library/PrivateFrameworks/ParsingInternal.framework/Versions/A/ParsingInternal
0x000000025564c000 	/System/Library/PrivateFrameworks/FontServices.framework/libXTFontStaticRegistryData.dylib
0x000000019c91d000 	/System/Library/Frameworks/MetalPerformanceShaders.framework/Versions/A/Frameworks/MPSCore.framework/Versions/A/MPSCore
0x000000019ec1f000 	/System/Library/Frameworks/MetalPerformanceShaders.framework/Versions/A/Frameworks/MPSImage.framework/Versions/A/MPSImage
0x000000019e665000 	/System/Library/Frameworks/MetalPerformanceShaders.framework/Versions/A/Frameworks/MPSNeuralNetwork.framework/Versions/A/MPSNeuralNetwork
0x000000019ea1d000 	/System/Library/Frameworks/MetalPerformanceShaders.framework/Versions/A/Frameworks/MPSMatrix.framework/Versions/A/MPSMatrix
0x000000019e882000 	/System/Library/Frameworks/MetalPerformanceShaders.framework/Versions/A/Frameworks/MPSRayIntersector.framework/Versions/A/MPSRayIntersector
0x000000019ea4c000 	/System/Library/Frameworks/MetalPerformanceShaders.framework/Versions/A/Frameworks/MPSNDArray.framework/Versions/A/MPSNDArray
0x000000022d948000 	/System/Library/Frameworks/MetalPerformanceShaders.framework/Versions/A/Frameworks/MPSFunctions.framework/Versions/A/MPSFunctions
0x000000022d936000 	/System/Library/Frameworks/MetalPerformanceShaders.framework/Versions/A/Frameworks/MPSBenchmarkLoop.framework/Versions/A/MPSBenchmarkLoop
0x000000022d95b000 	/System/Library/Frameworks/MetalPerformanceShaders.framework/Versions/A/Frameworks/MPSHost.framework/Versions/A/MPSHost
0x000000018ee5d000 	/System/Library/PrivateFrameworks/MetalTools.framework/Versions/A/MetalTools
0x000000027c08f000 	/System/Library/PrivateFrameworks/MTL3On4.framework/Versions/A/MTL3On4
0x00000001c4bf7000 	/System/Library/PrivateFrameworks/IOAccelMemoryInfo.framework/Versions/A/IOAccelMemoryInfo
0x00000001d39cc000 	/System/Library/PrivateFrameworks/kperf.framework/Versions/A/kperf
0x00000001bfedd000 	/System/Library/PrivateFrameworks/GPURawCounter.framework/Versions/A/GPURawCounter
0x00000001bfe53000 	/System/Library/PrivateFrameworks/MallocStackLogging.framework/Versions/A/MallocStackLogging
0x00000001abba7000 	/System/Library/PrivateFrameworks/DebugSymbols.framework/Versions/A/DebugSymbols
0x00000001d0a18000 	/System/Library/PrivateFrameworks/IOKitten.framework/Versions/A/IOKitten
0x00000002ad20f000 	/System/Library/PrivateFrameworks/Tightbeam.framework/Versions/A/Tightbeam
0x00000001d856b000 	/System/Library/PrivateFrameworks/AFKUser.framework/Versions/A/AFKUser
0x00000001ab89c000 	/System/Library/PrivateFrameworks/GraphicsServices.framework/Versions/A/GraphicsServices
0x00000001a1e43000 	/System/Library/PrivateFrameworks/GPUWrangler.framework/Versions/A/GPUWrangler
0x00000001a1e24000 	/System/Library/PrivateFrameworks/IOPresentment.framework/Versions/A/IOPresentment
0x00000001a1e4b000 	/System/Library/PrivateFrameworks/DSExternalDisplay.framework/Versions/A/DSExternalDisplay
0x00000002b3560000 	/System/Library/PrivateFrameworks/VideoToolboxParavirtualizationSupport.framework/Versions/A/VideoToolboxParavirtualizationSupport
0x00000001a0daa000 	/System/Library/PrivateFrameworks/AppleVA.framework/Versions/A/AppleVA
0x00000001a1eae000 	/System/Library/PrivateFrameworks/CMCaptureCore.framework/Versions/A/CMCaptureCore
0x00000001aa961000 	/System/Library/PrivateFrameworks/PowerLog.framework/Versions/A/PowerLog
0x00000001a4095000 	/System/Library/PrivateFrameworks/perfdata.framework/Versions/A/perfdata
0x0000000191379000 	/System/Library/PrivateFrameworks/AudioToolboxCore.framework/Versions/A/AudioToolboxCore
0x000000019b539000 	/System/Library/PrivateFrameworks/caulk.framework/Versions/A/caulk
0x00000001a3d29000 	/usr/lib/libAudioStatistics.dylib
0x00000001bd12c000 	/System/Library/PrivateFrameworks/SystemPolicy.framework/Versions/A/SystemPolicy
0x00000001c53ce000 	/usr/lib/swift/libswiftCoreMIDI.dylib
0x00000001b0954000 	/System/Library/Frameworks/CoreMIDI.framework/Versions/A/CoreMIDI
0x00000001a40a0000 	/usr/lib/libperfcheck.dylib
0x000000023e375000 	/System/Library/PrivateFrameworks/AudioAnalytics.framework/Versions/A/AudioAnalytics
0x00000001bfe7b000 	/usr/lib/libmis.dylib
0x00000001e5d35000 	/System/Library/PrivateFrameworks/HIDDisplay.framework/Versions/A/HIDDisplay
0x00000001b5da8000 	/System/Library/PrivateFrameworks/HID.framework/Versions/A/HID
0x000000019cafe000 	/System/Library/PrivateFrameworks/LinguisticData.framework/Versions/A/LinguisticData
0x000000018f7e0000 	/System/Library/PrivateFrameworks/Lexicon.framework/Versions/A/Lexicon
0x00000001a9a33000 	/System/Library/Frameworks/MediaAccessibility.framework/Versions/A/MediaAccessibility
0x00000001a3cbd000 	/System/Library/PrivateFrameworks/AudioSession.framework/Versions/A/AudioSession
0x00000001a0f0f000 	/System/Library/PrivateFrameworks/MediaExperience.framework/Versions/A/MediaExperience
0x000000026d75e000 	/System/Library/PrivateFrameworks/IO80211.framework/Versions/A/IO80211
0x000000019e503000 	/System/Library/Frameworks/SecurityFoundation.framework/Versions/A/SecurityFoundation
0x000000019e64e000 	/usr/lib/libgermantok.dylib
0x00000001a3a85000 	/System/Library/PrivateFrameworks/AudioSession.framework/libSessionUtility.dylib
0x00000001aa83e000 	/System/Library/Frameworks/CoreBluetooth.framework/Versions/A/CoreBluetooth
0x000000019e3a1000 	/System/Library/PrivateFrameworks/CoreUtils.framework/Versions/A/CoreUtils
0x000000024da30000 	/System/Library/PrivateFrameworks/CoreUtilsExtras.framework/Versions/A/CoreUtilsExtras
0x00000001a5a56000 	/System/Library/Frameworks/IOBluetooth.framework/Versions/A/IOBluetooth
0x00000001a0e19000 	/System/Library/PrivateFrameworks/IconFoundation.framework/Versions/A/IconFoundation
0x0000000267efe000 	/System/Library/PrivateFrameworks/IconRendering.framework/Versions/A/IconRendering
0x00000001a1e7b000 	/System/Library/Frameworks/ApplicationServices.framework/Versions/A/Frameworks/ATSUI.framework/Versions/A/ATSUI
0x00000002b5759000 	/System/Library/PrivateFrameworks/WallpaperServices.framework/Versions/A/WallpaperServices
0x00000001a0bc0000 	/usr/lib/libIOReport.dylib
0x00000001aaa3c000 	/System/Library/PrivateFrameworks/MediaKit.framework/Versions/A/MediaKit
0x00000001aa992000 	/System/Library/Frameworks/DiscRecording.framework/Versions/A/DiscRecording
0x00000001add94000 	/System/Library/Frameworks/AudioUnit.framework/Versions/A/AudioUnit
0x000000019948a000 	/System/Library/Frameworks/OpenDirectory.framework/Versions/A/Frameworks/CFOpenDirectory.framework/Versions/A/CFOpenDirectory
0x000000019dd29000 	/System/Library/PrivateFrameworks/CoreEmoji.framework/Versions/A/CoreEmoji
0x000000018faf1000 	/usr/lib/libCRFSuite.dylib
0x000000019c9e1000 	/System/Library/PrivateFrameworks/CoreNLP.framework/Versions/A/CoreNLP
0x00000001c4bba000 	/usr/lib/libncurses.5.4.dylib
0x000000019e5ed000 	/usr/lib/libmecab.dylib
0x000000019f4ec000 	/usr/lib/libThaiTokenizer.dylib
0x000000022a610000 	/System/Library/Frameworks/AVFAudio.framework/Versions/A/AVFAudio
0x000000026d843000 	/System/Library/PrivateFrameworks/IsolatedCoreAudioClient.framework/Versions/A/IsolatedCoreAudioClient
0x0000000245292000 	/System/Library/PrivateFrameworks/CoreAudioOrchestration.framework/Versions/A/CoreAudioOrchestration
0x00000001b82ad000 	/usr/lib/libAccessibility.dylib
0x00000001a401c000 	/usr/lib/libcups.2.dylib
0x00000001a40ad000 	/System/Library/Frameworks/Kerberos.framework/Versions/A/Kerberos
0x00000001a40be000 	/System/Library/Frameworks/GSS.framework/Versions/A/GSS
0x00000001a3d57000 	/usr/lib/libresolv.9.dylib
0x00000001a1088000 	/System/Library/PrivateFrameworks/Heimdal.framework/Versions/A/Heimdal
0x00000001add93000 	/System/Library/Frameworks/Kerberos.framework/Versions/A/Libraries/libHeimdalProxy.dylib
0x00000001a410e000 	/System/Library/PrivateFrameworks/CommonAuth.framework/Versions/A/CommonAuth
0x00000001b814e000 	/System/Library/PrivateFrameworks/AXCoreUtilities.framework/Versions/A/AXCoreUtilities
0x00000001ed7b4000 	/usr/lib/libedit.3.dylib
0x00000002bc659000 	/usr/lib/libAXSafeCategoryBundle.dylib
0x00000002341ee000 	/System/Library/Frameworks/TabularData.framework/Versions/A/TabularData
0x000000023d3f3000 	/System/Library/PrivateFrameworks/ArgumentParserInternal.framework/Versions/A/ArgumentParserInternal
0x000000019e5b7000 	/usr/lib/libCheckFix.dylib
0x00000001987fc000 	/System/Library/PrivateFrameworks/MetadataUtilities.framework/Versions/A/MetadataUtilities
0x000000026910d000 	/System/Library/PrivateFrameworks/InstalledContentLibrary.framework/Versions/A/InstalledContentLibrary
0x0000000192b31000 	/System/Library/PrivateFrameworks/CoreServicesStore.framework/Versions/A/CoreServicesStore
0x000000023bfcf000 	/System/Library/PrivateFrameworks/AppleMobileFileIntegrity.framework/Versions/A/AppleMobileFileIntegrity
0x00000001d3ade000 	/System/Library/PrivateFrameworks/MobileSystemServices.framework/Versions/A/MobileSystemServices
0x0000000218f3b000 	/System/Library/PrivateFrameworks/ConfigProfileHelper.framework/Versions/A/ConfigProfileHelper
0x00000001a0a83000 	/usr/lib/libxslt.1.dylib
0x000000019e583000 	/System/Library/PrivateFrameworks/BackgroundTaskManagement.framework/Versions/A/BackgroundTaskManagement
0x00000001ad967000 	/usr/lib/libcurl.4.dylib
0x00000002bc808000 	/usr/lib/libcrypto.46.dylib
0x00000002bd88d000 	/usr/lib/libssl.48.dylib
0x00000001ad65d000 	/System/Library/Frameworks/LDAP.framework/Versions/A/LDAP
0x00000001ad698000 	/System/Library/PrivateFrameworks/TrustEvaluationAgent.framework/Versions/A/TrustEvaluationAgent
0x00000001a3d73000 	/usr/lib/libsasl2.2.dylib
0x00000001a407a000 	/System/Library/PrivateFrameworks/NetAuth.framework/Versions/A/NetAuth
0x00000001996eb000 	/System/Library/PrivateFrameworks/login.framework/Versions/A/Frameworks/loginsupport.framework/Versions/A/loginsupport
0x00000001bc60f000 	/usr/lib/swift/libswiftCoreGraphics.dylib
0x00000001aa2a4000 	/usr/lib/swift/libswiftFoundation.dylib
0x0000000215ae0000 	/usr/lib/swift/libswiftSwiftOnoneSupport.dylib
0x00000002be46e000 	/usr/lib/swift/libswiftsys_time.dylib
0x00000001e2adc000 	/System/Library/PrivateFrameworks/CoreMaterial.framework/Versions/A/CoreMaterial
0x00000002bd830000 	/usr/lib/libSpatial.dylib
0x00000001a99f4000 	/System/Library/PrivateFrameworks/PrototypeTools.framework/Versions/A/PrototypeTools
0x000000018e248000 	/usr/lib/libsharedcache.dylib
0x000000019ddf4000 	/usr/lib/objc/libobjcMsgSend1.dylib
0x00000001a5df4000 	/usr/lib/objc/libobjcMsgSend2.dylib
0x00000001addf4000 	/usr/lib/objc/libobjcMsgSend3.dylib
0x00000001b5df4000 	/usr/lib/objc/libobjcMsgSend4.dylib
0x00000001bddf4000 	/usr/lib/objc/libobjcMsgSend5.dylib
0x00000001c5df4000 	/usr/lib/objc/libobjcMsgSend6.dylib
0x00000001cddf4000 	/usr/lib/objc/libobjcMsgSend7.dylib
0x00000001d5df4000 	/usr/lib/objc/libobjcMsgSend8.dylib
0x00000001dddf4000 	/usr/lib/objc/libobjcMsgSend9.dylib
0x00000001e5df4000 	/usr/lib/objc/libobjcMsgSend10.dylib
0x00000001eddf4000 	/usr/lib/objc/libobjcMsgSend11.dylib
0x0000000215df4000 	/usr/lib/objc/libobjcMsgSend12.dylib
0x000000021ddf4000 	/usr/lib/objc/libobjcMsgSend13.dylib
0x0000000225df4000 	/usr/lib/objc/libobjcMsgSend14.dylib
0x000000022ddf4000 	/usr/lib/objc/libobjcMsgSend15.dylib
0x0000000235df4000 	/usr/lib/objc/libobjcMsgSend16.dylib
0x000000023ddf4000 	/usr/lib/objc/libobjcMsgSend17.dylib
0x0000000245df4000 	/usr/lib/objc/libobjcMsgSend18.dylib
0x000000024ddf4000 	/usr/lib/objc/libobjcMsgSend19.dylib
0x0000000255df4000 	/usr/lib/objc/libobjcMsgSend20.dylib
0x000000025ddf4000 	/usr/lib/objc/libobjcMsgSend21.dylib
0x0000000265df4000 	/usr/lib/objc/libobjcMsgSend22.dylib
0x000000026ddf4000 	/usr/lib/objc/libobjcMsgSend23.dylib
0x0000000275df4000 	/usr/lib/objc/libobjcMsgSend24.dylib
0x000000027ddf4000 	/usr/lib/objc/libobjcMsgSend25.dylib
0x0000000295df4000 	/usr/lib/objc/libobjcMsgSend26.dylib
0x000000029ddf4000 	/usr/lib/objc/libobjcMsgSend27.dylib
0x00000002a5df4000 	/usr/lib/objc/libobjcMsgSend28.dylib
0x00000002addf4000 	/usr/lib/objc/libobjcMsgSend29.dylib
0x00000002b5df4000 	/usr/lib/objc/libobjcMsgSend30.dylib
0x00000002bddf4000 	/usr/lib/objc/libobjcMsgSend31.dylib
0x00000002c5df4000 	/usr/lib/objc/libobjcMsgSend32.dylib
0x00000002cddf4000 	/usr/lib/objc/libobjcMsgSend33.dylib
0x00000002d5df4000 	/usr/lib/objc/libobjcMsgSend34.dylib
0x00000002dddf4000 	/usr/lib/objc/libobjcMsgSend35.dylib
0x000000010d01c000 	/Users/wzw/tools/jdk-17.0.20.1+1/Contents/Home/lib/server/libjvm.dylib
0x0000000102108000 	/Users/wzw/tools/jdk-17.0.20.1+1/Contents/Home/lib/libjimage.dylib
0x0000000102190000 	/Users/wzw/tools/jdk-17.0.20.1+1/Contents/Home/lib/libjava.dylib
0x0000000102444000 	/Users/wzw/tools/jdk-17.0.20.1+1/Contents/Home/lib/libnio.dylib
0x0000000102708000 	/Users/wzw/tools/jdk-17.0.20.1+1/Contents/Home/lib/libnet.dylib
0x0000000106e74000 	/Users/wzw/tools/jdk-17.0.20.1+1/Contents/Home/lib/libzip.dylib
0x0000000102434000 	/Users/wzw/tools/jdk-17.0.20.1+1/Contents/Home/lib/libjawt.dylib
0x0000000131604000 	/Users/wzw/tools/jdk-17.0.20.1+1/Contents/Home/lib/libawt_lwawt.dylib
0x0000000106f24000 	/Users/wzw/tools/jdk-17.0.20.1+1/Contents/Home/lib/libawt.dylib
0x0000000131738000 	/Users/wzw/tools/jdk-17.0.20.1+1/Contents/Home/lib/libmlib_image.dylib
0x0000000106e9c000 	/Users/wzw/tools/jdk-17.0.20.1+1/Contents/Home/lib/libosxapp.dylib
0x000000022d537000 	/System/Library/Frameworks/JavaRuntimeSupport.framework/Versions/A/JavaRuntimeSupport
0x00000001bcb14000 	/System/Library/Frameworks/Carbon.framework/Versions/A/Carbon
0x00000001b2fbf000 	/System/Library/Frameworks/Carbon.framework/Versions/A/Frameworks/CommonPanels.framework/Versions/A/CommonPanels
0x00000001ad954000 	/System/Library/Frameworks/Carbon.framework/Versions/A/Frameworks/Help.framework/Versions/A/Help
0x00000001b2fc3000 	/System/Library/Frameworks/Carbon.framework/Versions/A/Frameworks/ImageCapture.framework/Versions/A/ImageCapture
0x00000001b2f9f000 	/System/Library/Frameworks/Carbon.framework/Versions/A/Frameworks/OpenScripting.framework/Versions/A/OpenScripting
0x00000001b2fbe000 	/System/Library/Frameworks/Carbon.framework/Versions/A/Frameworks/Ink.framework/Versions/A/Ink
0x00000001b2fbb000 	/System/Library/Frameworks/Carbon.framework/Versions/A/Frameworks/SecurityHI.framework/Versions/A/SecurityHI
0x00000002bd1b8000 	/usr/lib/libInterpreterSecurity.dylib
0x00000001d5708000 	/System/Library/PrivateFrameworks/XprotectFramework.framework/Versions/A/XprotectFramework
0x00000001b75d5000 	/System/Library/PrivateFrameworks/yara.framework/Versions/A/yara
0x00000002bcb77000 	/usr/lib/libEndpointSecuritySystem.dylib
0x00000001bc65d000 	/System/Library/Frameworks/ExceptionHandling.framework/Versions/A/ExceptionHandling
0x0000000102478000 	/Users/wzw/tools/jdk-17.0.20.1+1/Contents/Home/lib/libextnet.dylib
0x0000000102464000 	/Users/wzw/.yunx/kcef/libjawt.dylib
0x00000001318e4000 	/Users/wzw/.yunx/kcef/libjcef.dylib
0x0000000131b84000 	/Users/wzw/tools/jdk-17.0.20.1+1/Contents/Home/lib/libfontmanager.dylib
0x0000000131a14000 	/Users/wzw/tools/jdk-17.0.20.1+1/Contents/Home/lib/libfreetype.dylib
0x0000000229c1d000 	/System/Library/Frameworks/AppIntents.framework/Versions/A/AppIntents
0x000000022dd9e000 	/System/Library/Frameworks/RelevanceKit.framework/Versions/A/RelevanceKit
0x000000019f087000 	/System/Library/Frameworks/CoreSpotlight.framework/Versions/A/CoreSpotlight
0x00000001acb6c000 	/System/Library/Frameworks/Intents.framework/Versions/A/Intents
0x00000002725e0000 	/System/Library/PrivateFrameworks/LinkServices.framework/Versions/A/LinkServices
0x000000021dd9c000 	/System/Library/Frameworks/AppIntentsTypeSupport.framework/Versions/A/AppIntentsTypeSupport
0x00000001aa4e1000 	/System/Library/Frameworks/Contacts.framework/Versions/A/Contacts
0x00000001aab7e000 	/System/Library/Frameworks/FileProvider.framework/Versions/A/FileProvider
0x000000023e267000 	/System/Library/PrivateFrameworks/AsyncAlgorithmsInternal.framework/Versions/A/AsyncAlgorithmsInternal
0x00000002529c4000 	/System/Library/PrivateFrameworks/DoNotDisturb.framework/Versions/A/DoNotDisturb
0x0000000258dd7000 	/System/Library/PrivateFrameworks/GenerativeModels.framework/Versions/A/GenerativeModels
0x0000000272410000 	/System/Library/PrivateFrameworks/LinkMetadata.framework/Versions/A/LinkMetadata
0x000000027a63a000 	/System/Library/PrivateFrameworks/ModelCatalog.framework/Versions/A/ModelCatalog
0x00000001bff05000 	/usr/lib/swift/libswiftIntents.dylib
0x00000002a8184000 	/System/Library/PrivateFrameworks/SpotlightEmbeddingCore.framework/Versions/A/SpotlightEmbeddingCore
0x00000002955cc000 	/System/Library/PrivateFrameworks/PommesRankingCore.framework/Versions/A/PommesRankingCore
0x00000001aa366000 	/System/Library/PrivateFrameworks/ContactsPersistence.framework/Versions/A/ContactsPersistence
0x00000001a9445000 	/System/Library/PrivateFrameworks/AppleLDAP.framework/Versions/A/AppleLDAP
0x00000001adc9c000 	/System/Library/Frameworks/ClassKit.framework/Versions/A/ClassKit
0x00000001a9a7d000 	/System/Library/Frameworks/Vision.framework/Versions/A/Vision
0x00000001b02c4000 	/System/Library/PrivateFrameworks/CoreSuggestions.framework/Versions/A/CoreSuggestions
0x00000001aa2a5000 	/System/Library/PrivateFrameworks/ContactsFoundation.framework/Versions/A/ContactsFoundation
0x000000019974a000 	/System/Library/Frameworks/CloudKit.framework/Versions/A/CloudKit
0x00000001ab86d000 	/System/Library/PrivateFrameworks/vCard.framework/Versions/A/vCard
0x000000024343c000 	/System/Library/PrivateFrameworks/ContactsMetrics.framework/Versions/A/ContactsMetrics
0x00000001a1149000 	/System/Library/PrivateFrameworks/login.framework/Versions/A/login
0x00000002732b3000 	/System/Library/PrivateFrameworks/ManagedOrganizationContacts.framework/Versions/A/ManagedOrganizationContacts
0x0000000199b84000 	/System/Library/PrivateFrameworks/CloudDocs.framework/Versions/A/CloudDocs
0x00000001ae1f8000 	/System/Library/PrivateFrameworks/AppleAccount.framework/Versions/A/AppleAccount
0x0000000232ade000 	/System/Library/Frameworks/SharedWithYouCore.framework/Versions/A/SharedWithYouCore
0x0000000242301000 	/System/Library/PrivateFrameworks/CloudTelemetry.framework/Versions/A/CloudTelemetry
0x00000001996ee000 	/System/Library/PrivateFrameworks/ApplePushService.framework/Versions/A/ApplePushService
0x00000001a41e3000 	/System/Library/PrivateFrameworks/CacheDelete.framework/Versions/A/CacheDelete
0x0000000241eda000 	/System/Library/PrivateFrameworks/CloudCoreInternal.framework/Versions/A/CloudCoreInternal
0x0000000241c4b000 	/System/Library/PrivateFrameworks/CloudAsset.framework/Versions/A/CloudAsset
0x00000001ae7eb000 	/System/Library/Frameworks/PushKit.framework/Versions/A/PushKit
0x00000001ae7f2000 	/System/Library/PrivateFrameworks/C2.framework/Versions/A/C2
0x00000001de3be000 	/usr/lib/swift/libswiftAVFoundation.dylib
0x00000001aad02000 	/System/Library/PrivateFrameworks/GenerationalStorage.framework/Versions/A/GenerationalStorage
0x00000001944e6000 	/System/Library/PrivateFrameworks/DesktopServicesPriv.framework/Versions/A/DesktopServicesPriv
0x0000000242325000 	/System/Library/PrivateFrameworks/CloudTelemetryShared.framework/Versions/A/CloudTelemetryShared
0x00000001b0577000 	/System/Library/PrivateFrameworks/RTCReporting.framework/Versions/A/RTCReporting
0x000000029c1cf000 	/System/Library/PrivateFrameworks/SetupKit.framework/Versions/A/SetupKit
0x00000001a4e16000 	/System/Library/PrivateFrameworks/IDS.framework/Versions/A/IDS
0x00000002367fe000 	/System/Library/PrivateFrameworks/AAAFoundationSwift.framework/Versions/A/AAAFoundationSwift
0x00000001b5cbb000 	/System/Library/PrivateFrameworks/AccountsDaemon.framework/Versions/A/AccountsDaemon
0x00000001add42000 	/System/Library/PrivateFrameworks/AppleIDSSOAuthentication.framework/Versions/A/AppleIDSSOAuthentication
0x00000001ae6a2000 	/System/Library/PrivateFrameworks/CoreUtilsSwift.framework/Versions/A/CoreUtilsSwift
0x00000001c47cb000 	/System/Library/PrivateFrameworks/CaptiveNetwork.framework/Versions/A/CaptiveNetwork
0x00000001bdd28000 	/System/Library/PrivateFrameworks/FTServices.framework/Versions/A/FTServices
0x00000001cdc08000 	/System/Library/PrivateFrameworks/FTAWD.framework/Versions/A/FTAWD
0x00000001b5d63000 	/System/Library/PrivateFrameworks/OAuth.framework/Versions/A/OAuth
0x0000000249b10000 	/System/Library/PrivateFrameworks/CoreSceneUnderstanding.framework/Versions/A/CoreSceneUnderstanding
0x00000001c932c000 	/System/Library/Frameworks/Vision.framework/libfaceCore.dylib
0x00000001cd632000 	/System/Library/PrivateFrameworks/InertiaCam.framework/Versions/A/InertiaCam
0x0000000239a53000 	/System/Library/PrivateFrameworks/ANSTKit.framework/Versions/A/ANSTKit
0x00000002b01d3000 	/System/Library/PrivateFrameworks/UnifiedAssetFramework.framework/Versions/A/UnifiedAssetFramework
0x000000029ca99000 	/System/Library/PrivateFrameworks/SiriAnalytics.framework/Versions/A/SiriAnalytics
0x00000001c61f8000 	/System/Library/PrivateFrameworks/SiriInstrumentation.framework/Versions/A/SiriInstrumentation
0x00000001c07fc000 	/System/Library/PrivateFrameworks/Trial.framework/Versions/A/Trial
0x00000001c078c000 	/System/Library/PrivateFrameworks/TrialProto.framework/Versions/A/TrialProto
0x00000001c2c69000 	/System/Library/PrivateFrameworks/FeedbackLogger.framework/Versions/A/FeedbackLogger
0x0000000251974000 	/System/Library/PrivateFrameworks/Dendrite.framework/Versions/A/Dendrite
0x000000029960d000 	/System/Library/PrivateFrameworks/SchemaTypesCore.framework/Versions/A/SchemaTypesCore
0x000000023acc0000 	/System/Library/PrivateFrameworks/AppleFlatBuffers.framework/Versions/A/AppleFlatBuffers
0x00000001b7b8b000 	/System/Library/PrivateFrameworks/ProactiveEventTracker.framework/Versions/A/ProactiveEventTracker
0x00000001ae7de000 	/System/Library/PrivateFrameworks/IntentsFoundation.framework/Versions/A/IntentsFoundation
0x00000001c4cf1000 	/System/Library/PrivateFrameworks/IntentsCore.framework/Versions/A/IntentsCore
0x000000023a2c3000 	/System/Library/PrivateFrameworks/AppIntentSchemas.framework/Versions/A/AppIntentSchemas
0x000000022c95b000 	/System/Library/Frameworks/GeoToolbox.framework/Versions/A/GeoToolbox
0x000000022d824000 	/System/Library/Frameworks/MediaIntents.framework/Versions/A/MediaIntents
0x000000025bb7c000 	/System/Library/PrivateFrameworks/GRDBInternal.framework/Versions/A/GRDBInternal
0x00000002733ad000 	/System/Library/PrivateFrameworks/MarketplaceIntents.framework/Versions/A/MarketplaceIntents
0x0000000258ed8000 	/System/Library/PrivateFrameworks/GenerativeModelsFoundation.framework/Versions/A/GenerativeModelsFoundation
0x00000002ad708000 	/System/Library/PrivateFrameworks/TokenGeneration.framework/Versions/A/TokenGeneration
0x0000000258c74000 	/System/Library/PrivateFrameworks/GenerativeFunctions.framework/Versions/A/GenerativeFunctions
0x00000002588a9000 	/System/Library/PrivateFrameworks/GenerativeAgents.framework/Versions/A/GenerativeAgents
0x0000000258cc4000 	/System/Library/PrivateFrameworks/GenerativeFunctionsFoundation.framework/Versions/A/GenerativeFunctionsFoundation
0x000000029b2f5000 	/System/Library/PrivateFrameworks/SensitiveContentAnalysisML.framework/Versions/A/SensitiveContentAnalysisML
0x0000000258d6b000 	/System/Library/PrivateFrameworks/GenerativeFunctionsInstrumentation.framework/Versions/A/GenerativeFunctionsInstrumentation
0x00000002977e8000 	/System/Library/PrivateFrameworks/PromptKit.framework/Versions/A/PromptKit
0x00000002970d9000 	/System/Library/PrivateFrameworks/ProactiveDaemonSupport.framework/Versions/A/ProactiveDaemonSupport
0x00000002ad8b0000 	/System/Library/PrivateFrameworks/TokenGenerationCore.framework/Versions/A/TokenGenerationCore
0x000000029b63f000 	/System/Library/PrivateFrameworks/SentencePieceInternal.framework/Versions/A/SentencePieceInternal
0x00000001ab937000 	/System/Library/Frameworks/LocalAuthentication.framework/Versions/A/LocalAuthentication
0x00000002727f7000 	/System/Library/PrivateFrameworks/LocalAuthenticationCore.framework/Versions/A/LocalAuthenticationCore
0x00000002729ff000 	/System/Library/PrivateFrameworks/LocalAuthenticationCredentialServices.framework/Versions/A/LocalAuthenticationCredentialServices
0x00000001ab994000 	/System/Library/Frameworks/LocalAuthentication.framework/Support/SharedUtils.framework/Versions/A/SharedUtils
0x00000001aaa6d000 	/System/Library/PrivateFrameworks/DiskManagement.framework/Versions/A/DiskManagement
0x00000001c9bd3000 	/System/Library/PrivateFrameworks/TextRecognition.framework/Versions/A/TextRecognition
0x00000001a0bf5000 	/System/Library/PrivateFrameworks/CVNLP.framework/Versions/A/CVNLP
0x00000001910b1000 	/System/Library/PrivateFrameworks/LanguageModeling.framework/Versions/A/LanguageModeling
0x00000001c9e60000 	/System/Library/PrivateFrameworks/Futhark.framework/Versions/A/Futhark
0x00000002b3562000 	/System/Library/PrivateFrameworks/VisionCore.framework/Versions/A/VisionCore
0x0000000199c2e000 	/System/Library/Frameworks/CoreML.framework/Versions/A/CoreML
0x00000001bfb37000 	/System/Library/Frameworks/NaturalLanguage.framework/Versions/A/NaturalLanguage
0x00000001ae86c000 	/System/Library/PrivateFrameworks/Espresso.framework/Versions/A/Espresso
0x00000001b07d4000 	/System/Library/PrivateFrameworks/AppleNeuralEngine.framework/Versions/A/AppleNeuralEngine
0x00000002be2a7000 	/usr/lib/swift/libswiftMLCompute.dylib
0x000000020f914000 	/usr/lib/swift/libswiftNaturalLanguage.dylib
0x00000002426f7000 	/System/Library/PrivateFrameworks/CMPhoto.framework/Versions/A/CMPhoto
0x00000001a2376000 	/System/Library/Frameworks/MediaToolbox.framework/Versions/A/MediaToolbox
0x0000000196453000 	/System/Library/PrivateFrameworks/Montreal.framework/Versions/A/Montreal
0x000000023fe65000 	/System/Library/PrivateFrameworks/ByteMatrixVerification.framework/Versions/A/ByteMatrixVerification
0x00000001ed76a000 	/usr/lib/libFDRDecode.dylib
0x000000023b2de000 	/System/Library/PrivateFrameworks/AppleJPEGXL.framework/Versions/A/AppleJPEGXL
0x000000024dbfe000 	/System/Library/PrivateFrameworks/CryptoKitPrivate.framework/Versions/A/CryptoKitPrivate
0x00000001aab50000 	/System/Library/PrivateFrameworks/CoreAVCHD.framework/Versions/A/CoreAVCHD
0x00000001aab4c000 	/System/Library/PrivateFrameworks/Mangrove.framework/Versions/A/Mangrove
0x00000001ad0fe000 	/System/Library/PrivateFrameworks/CoreWiFi.framework/Versions/A/CoreWiFi
0x00000001ab277000 	/System/Library/Frameworks/CoreTelephony.framework/Versions/A/CoreTelephony
0x00000001aab40000 	/System/Library/PrivateFrameworks/CoreAUC.framework/Versions/A/CoreAUC
0x00000002410aa000 	/System/Library/PrivateFrameworks/Centauri.framework/Versions/A/Centauri
0x00000002bd220000 	/usr/lib/libmrc.dylib
0x000000026d7c9000 	/System/Library/PrivateFrameworks/IPConfiguration.framework/Versions/A/IPConfiguration
0x00000001e2aac000 	/System/Library/PrivateFrameworks/Netrb.framework/Versions/A/Netrb
0x000000020f980000 	/System/Library/PrivateFrameworks/WiFiPeerToPeer.framework/Versions/A/WiFiPeerToPeer
0x000000019f048000 	/System/Library/Frameworks/UserNotifications.framework/Versions/A/UserNotifications
0x00000001a4271000 	/usr/lib/libTelephonyUtilDynamic.dylib
0x00000001a5655000 	/System/Library/PrivateFrameworks/Sharing.framework/Versions/A/Sharing
0x000000023e864000 	/System/Library/PrivateFrameworks/AutoUnlock.framework/Versions/A/AutoUnlock
0x00000001a503b000 	/System/Library/PrivateFrameworks/IDSFoundation.framework/Versions/A/IDSFoundation
0x0000000196d63000 	/System/Library/Frameworks/Accounts.framework/Versions/A/Accounts
0x00000001ad0fd000 	/System/Library/PrivateFrameworks/Apple80211.framework/Versions/A/Apple80211
0x000000019ecfe000 	/System/Library/PrivateFrameworks/AuthKit.framework/Versions/A/AuthKit
0x000000019e335000 	/System/Library/Frameworks/CoreWLAN.framework/Versions/A/CoreWLAN
0x000000029c2e0000 	/System/Library/PrivateFrameworks/SharingCore.framework/Versions/A/SharingCore
0x00000001c53ad000 	/usr/lib/swift/libswiftCoreLocation.dylib
0x00000001bfc93000 	/System/Library/PrivateFrameworks/BiometricKit.framework/Versions/A/BiometricKit
0x00000001a39f5000 	/System/Library/PrivateFrameworks/IMFoundation.framework/Versions/A/IMFoundation
0x00000001b75d4000 	/System/Library/PrivateFrameworks/Marco.framework/Versions/A/Marco
0x0000000196dd5000 	/System/Library/PrivateFrameworks/CommonUtilities.framework/Versions/A/CommonUtilities
0x00000001b2f8c000 	/System/Library/PrivateFrameworks/Engram.framework/Versions/A/Engram
0x00000002b8532000 	/System/Library/PrivateFrameworks/XPCDistributed.framework/Versions/A/XPCDistributed
0x00000001b2f39000 	/usr/lib/libtidy.A.dylib
0x00000001a13c3000 	/System/Library/PrivateFrameworks/Bom.framework/Versions/A/Bom
0x00000001a3d91000 	/usr/lib/libParallelCompression.dylib
0x00000001a3d86000 	/System/Library/PrivateFrameworks/MultiverseSupport.framework/Versions/A/MultiverseSupport
0x00000001aa987000 	/System/Library/PrivateFrameworks/AppleIDAuthSupport.framework/Versions/A/AppleIDAuthSupport
0x00000002367e5000 	/System/Library/PrivateFrameworks/AAAFoundation.framework/Versions/A/AAAFoundation
0x00000001a4229000 	/System/Library/PrivateFrameworks/KeychainCircle.framework/Versions/A/KeychainCircle
0x00000001b8146000 	/System/Library/PrivateFrameworks/URLFormatting.framework/Versions/A/URLFormatting
0x00000001ad95c000 	/usr/lib/libcsfde.dylib
0x00000001a0d3c000 	/usr/lib/libCoreStorage.dylib
0x00000001a5afb000 	/System/Library/PrivateFrameworks/ProtectedCloudStorage.framework/Versions/A/ProtectedCloudStorage
0x00000001ad958000 	/System/Library/PrivateFrameworks/EFILogin.framework/Versions/A/EFILogin
0x00000001b5d6b000 	/System/Library/PrivateFrameworks/CloudServices.framework/Versions/A/CloudServices
0x00000001aad22000 	/System/Library/PrivateFrameworks/OctagonTrust.framework/Versions/A/OctagonTrust
0x000000019b00b000 	/System/Library/Frameworks/CoreLocation.framework/Versions/A/CoreLocation
0x000000021d916000 	/System/Library/Frameworks/_LocationEssentials.framework/Versions/A/_LocationEssentials
0x00000001a61f8000 	/System/Library/PrivateFrameworks/GeoServices.framework/Versions/A/GeoServices
0x00000001a3a54000 	/System/Library/PrivateFrameworks/LocationSupport.framework/Versions/A/LocationSupport
0x0000000259431000 	/System/Library/PrivateFrameworks/GeoServicesCore.framework/Versions/A/GeoServicesCore
0x00000001b8145000 	/System/Library/PrivateFrameworks/PhoneNumbers.framework/Versions/A/PhoneNumbers
0x0000000272bd0000 	/System/Library/PrivateFrameworks/LocationLogEncryption.framework/Versions/A/LocationLogEncryption
0x0000000219485000 	/System/Library/PrivateFrameworks/ANECompiler.framework/Versions/A/ANECompiler
0x000000022ed2f000 	/System/Library/Frameworks/MetalPerformanceShadersGraph.framework/Versions/A/MetalPerformanceShadersGraph
0x0000000275a61000 	/System/Library/PrivateFrameworks/MLCompilerServices.framework/Versions/A/MLCompilerServices
0x00000001af69d000 	/System/Library/PrivateFrameworks/ANEServices.framework/Versions/A/ANEServices
0x0000000192c64000 	/usr/lib/libsandbox.1.dylib
0x00000001a0d34000 	/usr/lib/libMatch.1.dylib
0x00000002bb4e7000 	/System/Library/SubFrameworks/CoreAIRuntime.framework/Versions/A/CoreAIRuntime
0x00000002ba74c000 	/System/Library/SubFrameworks/CoreAICompiler.framework/Versions/A/CoreAICompiler
0x00000002ba72c000 	/System/Library/SubFrameworks/CoreAICommon.framework/Versions/A/CoreAICommon
0x000000028ff21000 	/System/Library/PrivateFrameworks/ODIE.framework/Versions/A/ODIE
0x0000000275a06000 	/System/Library/PrivateFrameworks/MLCompilerRuntime.framework/Versions/A/MLCompilerRuntime
0x000000019e8d6000 	/System/Library/Frameworks/MLCompute.framework/Versions/A/MLCompute
0x000000027598b000 	/System/Library/PrivateFrameworks/MLAssetIO.framework/Versions/A/MLAssetIO
0x000000019f37c000 	/usr/lib/libcmph.dylib
0x00000001bcf1e000 	/System/Library/Frameworks/AVFoundation.framework/Versions/A/AVFoundation
0x00000001ab477000 	/System/Library/PrivateFrameworks/AVFCore.framework/Versions/A/AVFCore
0x00000001b5694000 	/System/Library/PrivateFrameworks/AVFCapture.framework/Versions/A/AVFCapture
0x000000022a740000 	/System/Library/Frameworks/AVRouting.framework/Versions/A/AVRouting
0x00000001b61f8000 	/System/Library/PrivateFrameworks/CMCapture.framework/Versions/A/CMCapture
0x0000000242469000 	/System/Library/PrivateFrameworks/CMImaging.framework/Versions/A/CMImaging
0x00000001b5950000 	/System/Library/PrivateFrameworks/Quagga.framework/Versions/A/Quagga
0x00000001a3e4f000 	/System/Library/Frameworks/CoreMediaIO.framework/Versions/A/CoreMediaIO
0x0000000242366000 	/System/Library/PrivateFrameworks/CMCaptureDevice.framework/Versions/A/CMCaptureDevice
0x000000024179c000 	/System/Library/PrivateFrameworks/CinematicFraming.framework/Versions/A/CinematicFraming
0x000000027ac73000 	/System/Library/PrivateFrameworks/ModelManagerServices.framework/Versions/A/ModelManagerServices
0x00000001bcb15000 	/System/Library/Frameworks/CoreMotion.framework/Versions/A/CoreMotion
0x000000025260e000 	/System/Library/PrivateFrameworks/DistributedSensing.framework/Versions/A/DistributedSensing
0x00000001ca362000 	/System/Library/PrivateFrameworks/MobileBluetooth.framework/Versions/A/MobileBluetooth
0x00000001abd3a000 	/System/Library/PrivateFrameworks/Rapport.framework/Versions/A/Rapport
0x000000023b0e3000 	/System/Library/PrivateFrameworks/AppleIntelligenceReporting.framework/Versions/A/AppleIntelligenceReporting
0x000000021d7aa000 	/System/Library/Frameworks/_AppIntents_AppKit.framework/Versions/A/_AppIntents_AppKit
0x000000010d000000 	/usr/lib/libobjc-trampolines.dylib
0x00000001c9f2b000 	/System/Library/CoreServices/RawCamera.bundle/Contents/MacOS/RawCamera
0x00000001e779b000 	/usr/lib/libAppleEXR.dylib
0x00000001c5392000 	/System/Library/Frameworks/Accelerate.framework/Versions/A/Frameworks/vImage.framework/Versions/A/Libraries/libCGInterfaces.dylib
0x00000002bbef8000 	/usr/lib/libAccessibilityBaseImplementations.dylib
0x00000002b7fee000 	/System/Library/PrivateFrameworks/WritingToolsUI.framework/Versions/A/WritingToolsUI
0x000000026902b000 	/System/Library/PrivateFrameworks/InputTestFoundation.framework/Versions/A/InputTestFoundation
0x0000000258ae0000 	/System/Library/PrivateFrameworks/GenerativeAssistantSettings.framework/Versions/A/GenerativeAssistantSettings
0x00000002aaea5000 	/System/Library/PrivateFrameworks/TextComposer.framework/Versions/A/TextComposer
0x0000000199378000 	/System/Library/PrivateFrameworks/ViewBridge.framework/Versions/A/ViewBridge
0x00000001c7962000 	/System/Library/Frameworks/SwiftUI.framework/Versions/A/SwiftUI
0x0000000258ab5000 	/System/Library/PrivateFrameworks/GenerativeAssistantCommon.framework/Versions/A/GenerativeAssistantCommon
0x0000000239c91000 	/System/Library/PrivateFrameworks/Anvil.framework/Versions/A/Anvil
0x0000000258f5a000 	/System/Library/PrivateFrameworks/GenerativePartnerService.framework/Versions/A/GenerativePartnerService
0x000000025901c000 	/System/Library/PrivateFrameworks/GenerativePartnerServiceUI.framework/Versions/A/GenerativePartnerServiceUI
0x00000001b19b9000 	/System/Library/PrivateFrameworks/AssistantServices.framework/Versions/A/AssistantServices
0x00000001abb19000 	/System/Library/PrivateFrameworks/SAObjects.framework/Versions/A/SAObjects
0x00000001b1620000 	/System/Library/PrivateFrameworks/MediaRemote.framework/Versions/A/MediaRemote
0x00000002a584a000 	/System/Library/PrivateFrameworks/SiriTTSService.framework/Versions/A/SiriTTSService
0x0000000253887000 	/System/Library/PrivateFrameworks/FaceTimeNameUtility.framework/Versions/A/FaceTimeNameUtility
0x000000029d5dd000 	/System/Library/PrivateFrameworks/SiriCrossDeviceArbitrationFeedback.framework/Versions/A/SiriCrossDeviceArbitrationFeedback
0x000000029d587000 	/System/Library/PrivateFrameworks/SiriCrossDeviceArbitration.framework/Versions/A/SiriCrossDeviceArbitration
0x00000001dc608000 	/usr/lib/swift/libswiftCoreMedia.dylib
0x00000001d4350000 	/System/Library/PrivateFrameworks/UIKitServices.framework/Versions/A/UIKitServices
0x00000001b745f000 	/System/Library/PrivateFrameworks/MediaServices.framework/Versions/A/MediaServices
0x00000001a1002000 	/System/Library/PrivateFrameworks/PersistentConnection.framework/Versions/A/PersistentConnection
0x00000002a783e000 	/System/Library/PrivateFrameworks/SonicFoundation.framework/Versions/A/SonicFoundation
0x00000001c792e000 	/usr/lib/libtailspin.dylib
0x00000002a7eb0000 	/System/Library/PrivateFrameworks/SpeechEngine.framework/Versions/A/SpeechEngine
0x00000001dbc9c000 	/System/Library/PrivateFrameworks/Osprey.framework/Versions/A/Osprey
0x00000002a4ea7000 	/System/Library/PrivateFrameworks/SiriTTS.framework/Versions/A/SiriTTS
0x00000001c91f0000 	/System/Library/PrivateFrameworks/EmojiFoundation.framework/Versions/A/EmojiFoundation
0x00000002a385c000 	/System/Library/PrivateFrameworks/SiriPowerInstrumentation.framework/Versions/A/SiriPowerInstrumentation
0x00000002aa8dc000 	/System/Library/PrivateFrameworks/TailspinSymbolication.framework/Versions/A/TailspinSymbolication
0x000000025161f000 	/System/Library/PrivateFrameworks/Darwinup.framework/Versions/A/Darwinup
0x00000001d4133000 	/System/Library/PrivateFrameworks/SignpostSupport.framework/Versions/A/SignpostSupport
0x00000001bdd13000 	/System/Library/PrivateFrameworks/FeatureFlagsSupport.framework/Versions/A/FeatureFlagsSupport
0x00000001d39d2000 	/System/Library/PrivateFrameworks/ktrace.framework/Versions/A/ktrace
0x00000001d437b000 	/System/Library/PrivateFrameworks/SampleAnalysis.framework/Versions/A/SampleAnalysis
0x00000001dd7e6000 	/System/Library/PrivateFrameworks/kperfdata.framework/Versions/A/kperfdata
0x00000001a5cb4000 	/usr/lib/libdscsym.dylib
0x00000001ddce6000 	/System/Library/PrivateFrameworks/BulkSymbolication.framework/Versions/A/BulkSymbolication
0x00000001abe4f000 	/System/Library/PrivateFrameworks/EmbeddedAcousticRecognition.framework/Versions/A/EmbeddedAcousticRecognition
0x00000002b147a000 	/System/Library/PrivateFrameworks/VectorSearch.framework/Versions/A/VectorSearch
0x00000001d2625000 	/System/Library/PrivateFrameworks/SDAPI.framework/Versions/A/SDAPI
0x000000026d839000 	/System/Library/PrivateFrameworks/IsolatedContextLogging.framework/Versions/A/IsolatedContextLogging
0x00000001c9e76000 	/System/Library/PrivateFrameworks/DifferentialPrivacy.framework/Versions/A/DifferentialPrivacy
0x00000002b136b000 	/System/Library/PrivateFrameworks/VDAF.framework/Versions/A/VDAF
0x00000001d2304000 	/System/Library/PrivateFrameworks/NetworkServiceProxy.framework/Versions/A/NetworkServiceProxy
0x00000001a4b7b000 	/System/Library/Frameworks/NetworkExtension.framework/Versions/A/NetworkExtension
0x00000001a972e000 	/usr/lib/libnetworkextension.dylib
0x00000001ad87c000 	/System/Library/PrivateFrameworks/EAP8021X.framework/Versions/A/EAP8021X
0x00000001b0b50000 	/System/Library/PrivateFrameworks/AppleMediaServices.framework/Versions/A/AppleMediaServices
0x00000002ae54d000 	/System/Library/PrivateFrameworks/ToolKit.framework/Versions/A/ToolKit
0x00000002367e0000 	/System/Library/PrivateFrameworks/_ToolKit_AppIntents.framework/Versions/A/_ToolKit_AppIntents
0x000000023b562000 	/System/Library/PrivateFrameworks/AppleMediaServicesKitInternal.framework/Versions/A/AppleMediaServicesKitInternal
0x000000029baaa000 	/System/Library/PrivateFrameworks/ServicesAnalyticsKit.framework/Versions/A/ServicesAnalyticsKit
0x00000001d6d7d000 	/System/Library/PrivateFrameworks/DeviceIdentity.framework/Versions/A/DeviceIdentity
0x000000026d930000 	/System/Library/PrivateFrameworks/JetAsset.framework/Versions/A/JetAsset
0x000000026dc89000 	/System/Library/PrivateFrameworks/JetFoundation.framework/Versions/A/JetFoundation
0x000000026dc97000 	/System/Library/PrivateFrameworks/JetPack.framework/Versions/A/JetPack
0x000000029b8b2000 	/System/Library/PrivateFrameworks/ServicesAnalyticsCore.framework/Versions/A/ServicesAnalyticsCore
0x0000000218c8a000 	/System/Library/PrivateFrameworks/VoiceShortcutClient.framework/Versions/A/VoiceShortcutClient
0x00000001c764b000 	/System/Library/PrivateFrameworks/ChronoServices.framework/Versions/A/ChronoServices
0x00000001947ce000 	/System/Library/PrivateFrameworks/CoreDuet.framework/Versions/A/CoreDuet
0x00000001acb29000 	/System/Library/PrivateFrameworks/CoreDuetContext.framework/Versions/A/CoreDuetContext
0x00000001af837000 	/System/Library/PrivateFrameworks/CoreDuetDaemonProtocol.framework/Versions/A/CoreDuetDaemonProtocol
0x0000000298b7b000 	/System/Library/PrivateFrameworks/ReplicatorEngine.framework/Versions/A/ReplicatorEngine
0x00000001cdd5b000 	/System/Library/PrivateFrameworks/Categories.framework/Versions/A/Categories
0x0000000298d52000 	/System/Library/PrivateFrameworks/ReplicatorServices.framework/Versions/A/ReplicatorServices
0x0000000298b48000 	/System/Library/PrivateFrameworks/ReplicatorDependencies.framework/Versions/A/ReplicatorDependencies
0x00000002aa8ca000 	/System/Library/PrivateFrameworks/SystemWake.framework/Versions/A/SystemWake
0x0000000272b29000 	/System/Library/PrivateFrameworks/LocalStatusKit.framework/Versions/A/LocalStatusKit
0x00000001c1403000 	/System/Library/PrivateFrameworks/ContextKit.framework/Versions/A/ContextKit
0x0000000243583000 	/System/Library/PrivateFrameworks/ContextKitCore.framework/Versions/A/ContextKitCore
0x00000001bdda6000 	/System/Library/Frameworks/SafariServices.framework/Versions/A/SafariServices
0x00000001be1f8000 	/System/Library/Frameworks/WebKit.framework/Versions/A/WebKit
0x000000021d807000 	/System/Library/Frameworks/_AuthenticationServices_SwiftUI.framework/Versions/A/_AuthenticationServices_SwiftUI
0x00000001c5a09000 	/System/Library/PrivateFrameworks/AppStoreDaemon.framework/Versions/A/AppStoreDaemon
0x00000001c2c90000 	/System/Library/PrivateFrameworks/AppleMediaServicesUI.framework/Versions/A/AppleMediaServicesUI
0x0000000218257000 	/System/Library/PrivateFrameworks/JetEngine.framework/Versions/A/JetEngine
0x00000001c06c2000 	/System/Library/PrivateFrameworks/OnBoardingKit.framework/Versions/A/OnBoardingKit
0x000000029bf77000 	/System/Library/PrivateFrameworks/Settings.framework/Versions/A/Settings
0x0000000235bbe000 	/System/Library/PrivateFrameworks/_IconServices_SwiftUI.framework/Versions/A/_IconServices_SwiftUI
0x00000002be2a5000 	/usr/lib/swift/libswiftMetalKit.dylib
0x00000002be2ae000 	/usr/lib/swift/libswiftModelIO.dylib
0x000000022b828000 	/System/Library/Frameworks/ExtensionKit.framework/Versions/A/ExtensionKit
0x000000022c7ef000 	/System/Library/Frameworks/FSKit.framework/Versions/A/FSKit
0x00000002aad94000 	/System/Library/PrivateFrameworks/TextAnimationSupport.framework/Versions/A/TextAnimationSupport
0x00000002980fb000 	/System/Library/PrivateFrameworks/RecapPerformanceTesting.framework/Versions/A/RecapPerformanceTesting
0x00000001c06b6000 	/System/Library/PrivateFrameworks/SignpostCollection.framework/Versions/A/SignpostCollection
0x00000001b05a4000 	/System/Library/Frameworks/WebKit.framework/Versions/A/Frameworks/WebKitLegacy.framework/Versions/A/WebKitLegacy
0x00000001ae50f000 	/System/Library/PrivateFrameworks/CorePrediction.framework/Versions/A/CorePrediction
0x000000019a445000 	/System/Library/Frameworks/WebKit.framework/Versions/A/Frameworks/WebCore.framework/Versions/A/Frameworks/libwebrtc.dylib
0x00000001a3dfa000 	/System/Library/Frameworks/SecurityInterface.framework/Versions/A/SecurityInterface
0x00000001c06c1000 	/System/Library/PrivateFrameworks/WebInspectorUI.framework/Versions/A/WebInspectorUI
0x00000001b2fc5000 	/System/Library/Frameworks/JavaScriptCore.framework/Versions/A/JavaScriptCore
0x00000001b82e7000 	/System/Library/Frameworks/WebKit.framework/Versions/A/Frameworks/WebCore.framework/Versions/A/WebCore
0x00000002980d1000 	/System/Library/PrivateFrameworks/Recap.framework/Versions/A/Recap
0x000000022a882000 	/System/Library/Frameworks/BrowserEngineCore.framework/Versions/A/BrowserEngineCore
0x0000000235166000 	/System/Library/Frameworks/WebKit.framework/Versions/A/Frameworks/WebCore.framework/Versions/A/Frameworks/libANGLE-shared.dylib
0x00000002b675d000 	/System/Library/PrivateFrameworks/WebGPU.framework/Versions/A/WebGPU
0x00000001bdd0e000 	/System/Library/PrivateFrameworks/CoreOptimization.framework/Versions/A/CoreOptimization
0x000000023e742000 	/System/Library/PrivateFrameworks/AuthenticationServicesCore.framework/Versions/A/AuthenticationServicesCore
0x00000001ca3a0000 	/System/Library/Frameworks/AuthenticationServices.framework/Versions/A/AuthenticationServices
0x00000001a0ce3000 	/System/Library/PrivateFrameworks/SharedWebCredentials.framework/Versions/A/SharedWebCredentials
0x00000001c1417000 	/System/Library/PrivateFrameworks/SafariCore.framework/Versions/A/SafariCore
0x00000001c9ed4000 	/System/Library/PrivateFrameworks/SafariFoundation.framework/Versions/A/SafariFoundation
0x0000000240d4e000 	/System/Library/PrivateFrameworks/CBORLibrary.framework/Versions/A/CBORLibrary
0x000000024126c000 	/System/Library/PrivateFrameworks/Chirp.framework/Versions/A/Chirp
0x00000002421a8000 	/System/Library/PrivateFrameworks/CloudSubscriptionFeatures.framework/Versions/A/CloudSubscriptionFeatures
0x00000002191e6000 	/System/Library/PrivateFrameworks/RemoteManagement.framework/Versions/A/RemoteManagement
0x00000002986ac000 	/System/Library/PrivateFrameworks/RemoteManagementModel.framework/Versions/A/RemoteManagementModel
0x0000000298723000 	/System/Library/PrivateFrameworks/RemoteManagementStore.framework/Versions/A/RemoteManagementStore
0x00000001a5bf5000 	/usr/lib/libxcselect.dylib
0x00000002732b8000 	/System/Library/PrivateFrameworks/ManagedSettingsObjC.framework/Versions/A/ManagedSettingsObjC
0x0000000272bd4000 	/System/Library/PrivateFrameworks/LockdownMode.framework/Versions/A/LockdownMode
0x000000022c595000 	/System/Library/Frameworks/FoundationModels.framework/Versions/A/FoundationModels
0x00000002a92bb000 	/System/Library/PrivateFrameworks/StorageContainersPrivate.framework/Versions/A/StorageContainersPrivate
0x00000002965f2000 	/System/Library/PrivateFrameworks/PrivateCloudCompute.framework/Versions/A/PrivateCloudCompute
0x000000023914c000 	/System/Library/PrivateFrameworks/AlgorithmsInternal.framework/Versions/A/AlgorithmsInternal
0x0000000241d50000 	/System/Library/PrivateFrameworks/CloudAttestation.framework/Versions/A/CloudAttestation
0x00000002bd0a9000 	/usr/lib/libimage4.dylib
0x00000001d35e1000 	/System/Library/PrivateFrameworks/Transparency.framework/Versions/A/Transparency
0x00000001d3c3f000 	/System/Library/PrivateFrameworks/MobileActivationMacOS.framework/Versions/A/MobileActivationMacOS
0x00000002bd0fd000 	/usr/lib/libImage4_V2.dylib
0x000000024a323000 	/System/Library/PrivateFrameworks/CoreTransparency.framework/Versions/A/CoreTransparency
0x00000001a3e1f000 	/System/Library/PrivateFrameworks/CoreFollowUp.framework/Versions/A/CoreFollowUp
0x00000001af849000 	/System/Library/PrivateFrameworks/ConfigurationProfiles.framework/Versions/A/ConfigurationProfiles
0x0000000252788000 	/System/Library/PrivateFrameworks/DMCUtilities.framework/Versions/A/DMCUtilities
0x0000000273630000 	/System/Library/PrivateFrameworks/MDMClientLibrary.framework/Versions/A/MDMClientLibrary
0x000000029871a000 	/System/Library/PrivateFrameworks/RemoteManagementProtocol.framework/Versions/A/RemoteManagementProtocol
0x00000001a9a4c000 	/System/Library/PrivateFrameworks/SystemAdministration.framework/Versions/A/SystemAdministration
0x00000001b55c6000 	/System/Library/PrivateFrameworks/PowerlogControl.framework/Versions/A/PowerlogControl
0x000000019e5ab000 	/System/Library/Frameworks/ServiceManagement.framework/Versions/A/ServiceManagement
0x00000001b55c8000 	/usr/lib/libUniversalAccess.dylib
0x00000001b15f9000 	/System/Library/PrivateFrameworks/FamilyControls.framework/Versions/A/FamilyControls
0x00000001a5da8000 	/System/Library/Frameworks/DirectoryService.framework/Versions/A/DirectoryService
0x00000001ad9e7000 	/System/Library/PrivateFrameworks/LoginUIKit.framework/Versions/A/Frameworks/LoginUICore.framework/Versions/A/LoginUICore
0x00000001a13c1000 	/usr/lib/libodfde.dylib
0x00000001b15f3000 	/System/Library/PrivateFrameworks/UniversalAccess.framework/Versions/A/Libraries/libUAPreferences.dylib
0x00000001b1616000 	/System/Library/PrivateFrameworks/CommerceKit.framework/Versions/A/Frameworks/CommerceCore.framework/Versions/A/CommerceCore
0x00000002519f8000 	/System/Library/PrivateFrameworks/DEPClientLibrary.framework/Versions/A/DEPClientLibrary
0x000000025272a000 	/System/Library/PrivateFrameworks/DMCEnrollmentLibrary.framework/Versions/A/DMCEnrollmentLibrary
0x00000001b5683000 	/System/Library/PrivateFrameworks/SetupAssistantFramework.framework/Versions/A/SetupAssistantFramework
0x00000001ae563000 	/System/Library/PrivateFrameworks/AuthKitUI.framework/Versions/A/AuthKitUI
0x00000001ada28000 	/System/Library/PrivateFrameworks/AppSSO.framework/Versions/A/AppSSO
0x00000001c5801000 	/System/Library/PrivateFrameworks/LocalAuthenticationUI.framework/Versions/A/LocalAuthenticationUI
0x0000000294e7a000 	/System/Library/PrivateFrameworks/PlatformSSO.framework/Versions/A/PlatformSSO
0x0000000294fcb000 	/System/Library/PrivateFrameworks/PlatformSSOCore.framework/Versions/A/PlatformSSOCore
0x000000022d5d1000 	/System/Library/Frameworks/LocalAuthenticationEmbeddedUI.framework/Versions/A/LocalAuthenticationEmbeddedUI
0x00000001c779a000 	/System/Library/PrivateFrameworks/AOSUI.framework/Versions/A/AOSUI
0x00000001b79be000 	/System/Library/Frameworks/ContactsUI.framework/Versions/A/ContactsUI
0x00000001aa73f000 	/System/Library/PrivateFrameworks/FamilyCircle.framework/Versions/A/FamilyCircle
0x00000001d5aa9000 	/System/Library/Frameworks/LinkPresentation.framework/Versions/A/LinkPresentation
0x00000001b74cf000 	/System/Library/PrivateFrameworks/IASUtilities.framework/Versions/A/IASUtilities
0x0000000265d32000 	/System/Library/PrivateFrameworks/IASUtilitiesCore.framework/Versions/A/IASUtilitiesCore
0x000000029877c000 	/System/Library/PrivateFrameworks/RemoteUI.framework/Versions/A/RemoteUI
0x000000023459c000 	/System/Library/Frameworks/TipKit.framework/Versions/A/TipKit
0x0000000236887000 	/System/Library/PrivateFrameworks/AAAFoundationUI.framework/Versions/A/AAAFoundationUI
0x0000000271dfa000 	/System/Library/PrivateFrameworks/LiftUI.framework/Versions/A/LiftUI
0x00000002420de000 	/System/Library/PrivateFrameworks/CloudSettings.framework/Versions/A/CloudSettings
0x00000001b0372000 	/System/Library/Frameworks/EventKit.framework/Versions/A/EventKit
0x00000001c0887000 	/System/Library/PrivateFrameworks/SearchFoundation.framework/Versions/A/SearchFoundation
0x00000001d7c64000 	/System/Library/PrivateFrameworks/Email.framework/Versions/A/Email
0x000000023ed41000 	/System/Library/PrivateFrameworks/BackgroundSystemTasks.framework/Versions/A/BackgroundSystemTasks
0x00000001bd833000 	/System/Library/PrivateFrameworks/CoreRoutine.framework/Versions/A/CoreRoutine
0x000000023fff7000 	/System/Library/PrivateFrameworks/CalendarDatabase.framework/Versions/A/CalendarDatabase
0x000000023ff5f000 	/System/Library/PrivateFrameworks/CalendarDaemon.framework/Versions/A/CalendarDaemon
0x00000001af7b5000 	/System/Library/PrivateFrameworks/CalendarFoundation.framework/Versions/A/CalendarFoundation
0x00000001af77f000 	/System/Library/PrivateFrameworks/iCalendar.framework/Versions/A/iCalendar
0x0000000251715000 	/System/Library/PrivateFrameworks/DataAccessExpress.framework/Versions/A/DataAccessExpress
0x00000001b7ad4000 	/System/Library/PrivateFrameworks/ContactsAutocomplete.framework/Versions/A/ContactsAutocomplete
0x0000000242076000 	/System/Library/PrivateFrameworks/CloudKitSharingManagement.framework/Versions/A/CloudKitSharingManagement
0x00000001c755d000 	/System/Library/PrivateFrameworks/FTClientServices.framework/Versions/A/FTClientServices
0x00000002be287000 	/usr/lib/swift/libswiftCoreMediaIO.dylib
0x00000001ae76e000 	/System/Library/PrivateFrameworks/DuetActivityScheduler.framework/Versions/A/DuetActivityScheduler
0x00000001b739a000 	/System/Library/PrivateFrameworks/CoreDAV.framework/Versions/A/CoreDAV
0x00000001b027e000 	/System/Library/PrivateFrameworks/CalDAV.framework/Versions/A/CalDAV
0x00000001bc3ab000 	/System/Library/PrivateFrameworks/TelephonyUtilities.framework/Versions/A/TelephonyUtilities
0x000000022d586000 	/System/Library/Frameworks/LiveCommunicationKit.framework/Versions/A/LiveCommunicationKit
0x0000000243038000 	/System/Library/PrivateFrameworks/CommunicationTrust.framework/Versions/A/CommunicationTrust
0x0000000251d7a000 	/System/Library/PrivateFrameworks/DeviceConfiguration.framework/Versions/A/DeviceConfiguration
0x00000001c1237000 	/System/Library/Frameworks/CallKit.framework/Versions/A/CallKit
0x00000001aa739000 	/System/Library/PrivateFrameworks/CommunicationsFilter.framework/Versions/A/CommunicationsFilter
0x00000001ed8ce000 	/System/Library/PrivateFrameworks/IMTransferServices.framework/Versions/A/IMTransferServices
0x00000001bdd22000 	/System/Library/PrivateFrameworks/IncomingCallFilter.framework/Versions/A/IncomingCallFilter
0x000000028e3a1000 	/System/Library/PrivateFrameworks/NeighborhoodActivityConduit.framework/Versions/A/NeighborhoodActivityConduit
0x00000001c36d8000 	/System/Library/PrivateFrameworks/CallHistory.framework/Versions/A/CallHistory
0x00000002bc65d000 	/usr/lib/libBASupport.dylib
0x00000002404c6000 	/System/Library/PrivateFrameworks/CallsUtilities.framework/Versions/A/CallsUtilities
0x00000002404d1000 	/System/Library/PrivateFrameworks/CallsXPC.framework/Versions/A/CallsXPC
0x000000021932f000 	/usr/lib/swift/libswiftCallKit.dylib
0x00000002404a9000 	/System/Library/PrivateFrameworks/CallsPersistence.framework/Versions/A/CallsPersistence
0x0000000232933000 	/System/Library/Frameworks/SensitiveContentAnalysis.framework/Versions/A/SensitiveContentAnalysis
0x00000001c4612000 	/System/Library/PrivateFrameworks/PeopleSuggester.framework/Versions/A/PeopleSuggester
0x00000001cdbf7000 	/System/Library/PrivateFrameworks/SpotlightReceiver.framework/Versions/A/SpotlightReceiver
0x0000000235b33000 	/System/Library/PrivateFrameworks/_AppIntentsServices_AppIntents.framework/Versions/A/_AppIntentsServices_AppIntents
0x000000023a530000 	/System/Library/PrivateFrameworks/AppIntentsServices.framework/Versions/A/AppIntentsServices
0x00000001af76e000 	/System/Library/PrivateFrameworks/CoreRecents.framework/Versions/A/CoreRecents
0x000000021d86b000 	/System/Library/Frameworks/_Contacts_AppIntents.framework/Versions/A/_Contacts_AppIntents
0x000000021d8ad000 	/System/Library/Frameworks/_GeoToolbox_AppIntents.framework/Versions/A/_GeoToolbox_AppIntents
0x00000001e24bb000 	/System/Library/PrivateFrameworks/DiagnosticRequest.framework/Versions/A/DiagnosticRequest
0x00000002981b9000 	/System/Library/PrivateFrameworks/RegulatoryDomain.framework/Versions/A/RegulatoryDomain
0x00000001a97c9000 	/usr/lib/libCTGreenTeaLogger.dylib
0x00000001bc2bf000 	/System/Library/PrivateFrameworks/CoreParsec.framework/Versions/A/CoreParsec
0x00000001d7c5a000 	/System/Library/PrivateFrameworks/EmailAddressing.framework/Versions/A/EmailAddressing
0x00000001d3b77000 	/System/Library/PrivateFrameworks/EmailCore.framework/Versions/A/EmailCore
0x00000001d4b43000 	/System/Library/PrivateFrameworks/EmailFoundation.framework/Versions/A/EmailFoundation
0x0000000292330000 	/System/Library/PrivateFrameworks/PegasusAPI.framework/Versions/A/PegasusAPI
0x0000000293259000 	/System/Library/PrivateFrameworks/PegasusConfiguration.framework/Versions/A/PegasusConfiguration
0x0000000249ad5000 	/System/Library/PrivateFrameworks/CoreRoutineDiagnostics.framework/Versions/A/CoreRoutineDiagnostics
0x00000001bfc5b000 	/System/Library/Frameworks/LocalAuthentication.framework/Support/DaemonUtils.framework/Versions/A/DaemonUtils
0x0000000272988000 	/System/Library/PrivateFrameworks/LocalAuthenticationCoreUI.framework/Versions/A/LocalAuthenticationCoreUI
0x00000001c2c60000 	/System/Library/PrivateFrameworks/BridgeXPC.framework/Versions/A/BridgeXPC
0x00000001a116a000 	/System/Library/PrivateFrameworks/CoreBrightness.framework/Versions/A/CoreBrightness
0x00000001c077f000 	/System/Library/PrivateFrameworks/CoreKDL.framework/Versions/A/CoreKDL
0x00000001bd126000 	/System/Library/PrivateFrameworks/EmbeddedOSSupportHost.framework/Versions/A/EmbeddedOSSupportHost
0x00000001daea2000 	/System/Library/PrivateFrameworks/CPMS.framework/Versions/A/CPMS
0x00000002aa864000 	/System/Library/PrivateFrameworks/SystemStatus.framework/Versions/A/SystemStatus
0x00000001c47d9000 	/System/Library/PrivateFrameworks/UniversalAccess.framework/Versions/A/UniversalAccess
0x00000001e2ab6000 	/System/Library/PrivateFrameworks/PreferencePanesSupport.framework/Versions/A/PreferencePanesSupport
0x00000001d39c4000 	/System/Library/PrivateFrameworks/AccessibilitySupport.framework/Versions/A/AccessibilitySupport
0x00000001d3b35000 	/System/Library/Frameworks/PreferencePanes.framework/Versions/A/PreferencePanes
0x00000001d5542000 	/System/Library/PrivateFrameworks/UniversalAccess.framework/Versions/A/Frameworks/UniversalAccessCore.framework/Versions/A/UniversalAccessCore
0x00000001e2c16000 	/System/Library/PrivateFrameworks/MachineSettings.framework/Versions/A/MachineSettings
0x00000001d3ac3000 	/System/Library/PrivateFrameworks/BezelServices.framework/Versions/A/BezelServices
0x00000001c1109000 	/System/Library/PrivateFrameworks/IntlPreferences.framework/Versions/A/IntlPreferences
0x00000001ddcca000 	/System/Library/PrivateFrameworks/AccessibilitySupport.framework/Versions/A/Frameworks/AccessibilityEvents.framework/Versions/A/AccessibilityEvents
0x00000001d44ed000 	/System/Library/PrivateFrameworks/AccessibilitySupport.framework/Versions/A/Frameworks/AccessibilityFoundation.framework/Versions/A/AccessibilityFoundation
0x00000001ddc29000 	/System/Library/PrivateFrameworks/AccessibilitySupport.framework/Versions/A/Frameworks/AccessibilityKit.framework/Versions/A/AccessibilityKit
0x00000001ddc85000 	/System/Library/PrivateFrameworks/AccessibilitySupport.framework/Versions/A/Frameworks/AccessibilityVisuals.framework/Versions/A/AccessibilityVisuals
0x00000001abaec000 	/System/Library/PrivateFrameworks/BatteryUIKit.framework/Versions/A/BatteryUIKit
0x00000002b0a41000 	/System/Library/PrivateFrameworks/UniversalControl.framework/Versions/A/UniversalControl
0x00000001add95000 	/usr/lib/libScreenReader.dylib
0x00000001bd453000 	/System/Library/PrivateFrameworks/AccessibilitySharedSupport.framework/Versions/A/AccessibilitySharedSupport
0x0000000218fb2000 	/System/Library/PrivateFrameworks/AXMediaUtilities.framework/Versions/A/AXMediaUtilities
0x00000001c0cf2000 	/System/Library/Frameworks/Photos.framework/Versions/A/Photos
0x00000001d5093000 	/System/Library/Frameworks/Speech.framework/Versions/A/Speech
0x00000001d496a000 	/System/Library/PrivateFrameworks/AXAssetLoader.framework/Versions/A/AXAssetLoader
0x00000001cf17b000 	/System/Library/PrivateFrameworks/TextToSpeech.framework/Versions/A/TextToSpeech
0x00000001d23c6000 	/System/Library/PrivateFrameworks/CloudPhotoLibrary.framework/Versions/A/CloudPhotoLibrary
0x00000001dbbb2000 	/System/Library/PrivateFrameworks/CloudPhotoServices.framework/Versions/A/CloudPhotoServices
0x00000001d7da1000 	/System/Library/PrivateFrameworks/CoreMediaStream.framework/Versions/A/CoreMediaStream
0x00000001aad51000 	/System/Library/PrivateFrameworks/CPAnalytics.framework/Versions/A/CPAnalytics
0x00000001c1089000 	/System/Library/Frameworks/ImageCaptureCore.framework/Versions/A/ImageCaptureCore
0x000000026dd25000 	/System/Library/PrivateFrameworks/Leo.framework/Versions/A/Leo
0x00000001d40ff000 	/System/Library/PrivateFrameworks/MediaConversionService.framework/Versions/A/MediaConversionService
0x00000001b1bd7000 	/System/Library/PrivateFrameworks/PhotoFoundation.framework/Versions/A/PhotoFoundation
0x00000001c3cc1000 	/System/Library/PrivateFrameworks/PhotoLibraryServices.framework/Versions/A/PhotoLibraryServices
0x00000002938fe000 	/System/Library/PrivateFrameworks/PhotoLibraryServicesCore.framework/Versions/A/PhotoLibraryServicesCore
0x00000001d6228000 	/System/Library/PrivateFrameworks/PhotosFormats.framework/Versions/A/PhotosFormats
0x00000001cd592000 	/System/Library/PrivateFrameworks/MMCS.framework/Versions/A/MMCS
0x00000001b0104000 	/System/Library/PrivateFrameworks/ChunkingLibrary.framework/Versions/A/ChunkingLibrary
0x00000001a9a18000 	/System/Library/PrivateFrameworks/AssetCacheServices.framework/Versions/A/AssetCacheServices
0x00000001ab99e000 	/System/Library/PrivateFrameworks/AVFoundationCF.framework/Versions/A/AVFoundationCF
0x0000000295669000 	/System/Library/PrivateFrameworks/Portrait.framework/Versions/A/Portrait
0x00000002b1516000 	/System/Library/PrivateFrameworks/VFX.framework/Versions/A/VFX
0x000000023aa7d000 	/System/Library/PrivateFrameworks/AppleDepth.framework/Versions/A/AppleDepth
0x000000025588d000 	/System/Library/PrivateFrameworks/FusionTracker.framework/Versions/A/FusionTracker
0x00000002417dd000 	/System/Library/PrivateFrameworks/CinematicUtil.framework/Versions/A/CinematicUtil
0x000000024178a000 	/System/Library/PrivateFrameworks/CinematicCommunication.framework/Versions/A/CinematicCommunication
0x00000001c23ab000 	/System/Library/Frameworks/SceneKit.framework/Versions/A/SceneKit
0x00000001d41e1000 	/System/Library/Frameworks/ModelIO.framework/Versions/A/ModelIO
0x00000001a5bde000 	/System/Library/Frameworks/MetalKit.framework/Versions/A/MetalKit
0x000000022d894000 	/System/Library/Frameworks/MetalFX.framework/Versions/A/MetalFX
0x00000002be2a3000 	/usr/lib/swift/libswiftGLKit.dylib
0x00000002be3dc000 	/usr/lib/swift/libswiftSceneKit.dylib
0x00000001a9701000 	/System/Library/Frameworks/GLKit.framework/Versions/A/GLKit
0x00000002be7fe000 	/usr/lib/usd/libusd_ms.dylib
0x00000002b0c72000 	/System/Library/PrivateFrameworks/USDLib_FormatLoaderProxy.framework/Versions/A/USDLib_FormatLoaderProxy
0x00000002bdccc000 	/usr/lib/swift/libswift_errno.dylib
0x000000023abe4000 	/System/Library/PrivateFrameworks/AppleDepthCore.framework/Versions/A/AppleDepthCore
0x00000001ed7e3000 	/usr/lib/swift/libswiftDemangle.dylib
0x0000000267fdd000 	/System/Library/PrivateFrameworks/ImageCaptureDevices.framework/Versions/A/ImageCaptureDevices
0x00000002bc09a000 	/usr/lib/libaxis.dylib
0x00000001bd8ba000 	/System/Library/PrivateFrameworks/MediaStream.framework/Versions/A/MediaStream
0x00000001d4591000 	/System/Library/PrivateFrameworks/NeutrinoCore.framework/Versions/A/NeutrinoCore
0x000000019663a000 	/System/Library/PrivateFrameworks/NLP.framework/Versions/A/NLP
0x00000001da9c6000 	/System/Library/PrivateFrameworks/PhotoImaging.framework/Versions/A/PhotoImaging
0x00000001dbb7d000 	/System/Library/PrivateFrameworks/PhotosImagingFoundation.framework/Versions/A/PhotosImagingFoundation
0x0000000294613000 	/System/Library/PrivateFrameworks/PhotosIntelligenceCore.framework/Versions/A/PhotosIntelligenceCore
0x00000001c113f000 	/System/Library/PrivateFrameworks/ToneLibrary.framework/Versions/A/ToneLibrary
0x00000001dbbbe000 	/System/Library/PrivateFrameworks/AutoLoop.framework/Versions/A/AutoLoop
0x0000000293db4000 	/System/Library/PrivateFrameworks/PhotosGenerativeServices.framework/Versions/A/PhotosGenerativeServices
0x00000002b3928000 	/System/Library/PrivateFrameworks/VisualGeneration.framework/Versions/A/VisualGeneration
0x00000002393de000 	/System/Library/PrivateFrameworks/ANEClientSignals.framework/Versions/A/ANEClientSignals
0x00000002417f5000 	/System/Library/PrivateFrameworks/CipherML.framework/Versions/A/CipherML
0x000000027ac3a000 	/System/Library/PrivateFrameworks/ModelInterfaces.framework/Versions/A/ModelInterfaces
0x000000018fb26000 	/usr/lib/libmecabra.dylib
0x000000025bf7e000 	/System/Library/PrivateFrameworks/GRPCCoreInternal.framework/Versions/A/GRPCCoreInternal
0x000000025c028000 	/System/Library/PrivateFrameworks/GRPCProtobufInternal.framework/Versions/A/GRPCProtobufInternal
0x00000002932b8000 	/System/Library/PrivateFrameworks/PegasusKit.framework/Versions/A/PegasusKit
0x00000002a9e1b000 	/System/Library/PrivateFrameworks/SwiftSQLite.framework/Versions/A/SwiftSQLite
0x000000025c04f000 	/System/Library/PrivateFrameworks/GRPCURLSessionTransportInternal.framework/Versions/A/GRPCURLSessionTransportInternal
0x00000001a0aae000 	/usr/lib/libChineseTokenizer.dylib
0x0000000238aa0000 	/System/Library/PrivateFrameworks/AIMLExperimentationAnalytics.framework/Versions/A/AIMLExperimentationAnalytics
0x00000002ad39c000 	/System/Library/PrivateFrameworks/TipKitCore.framework/Versions/A/TipKitCore
0x00000002950fc000 	/System/Library/PrivateFrameworks/PlatformSSOCoreUI.framework/Versions/A/PlatformSSOCoreUI
0x00000001b203b000 	/System/Library/PrivateFrameworks/LoginUIKit.framework/Versions/A/LoginUIKit
0x00000001cf714000 	/System/Library/PrivateFrameworks/StorageKit.framework/Versions/A/StorageKit
0x00000001a0bdb000 	/System/Library/PrivateFrameworks/AppSSOCore.framework/Versions/A/AppSSOCore
0x000000021b413000 	/System/Library/Frameworks/DeviceCheck.framework/Versions/A/DeviceCheck
0x000000023ea77000 	/System/Library/PrivateFrameworks/AvatarKit.framework/Versions/A/AvatarKit
0x0000000252399000 	/System/Library/PrivateFrameworks/DiskImages2.framework/Versions/A/DiskImages2
0x00000001cf772000 	/System/Library/PrivateFrameworks/CoreWLANKit.framework/Versions/A/CoreWLANKit
0x00000002b5547000 	/System/Library/PrivateFrameworks/Wallpaper.framework/Versions/A/Wallpaper
0x00000002b56f1000 	/System/Library/PrivateFrameworks/WallpaperFoundation.framework/Versions/A/WallpaperFoundation
0x00000002b5767000 	/System/Library/PrivateFrameworks/WallpaperTypes.framework/Versions/A/WallpaperTypes
0x000000020f76e000 	/System/Library/PrivateFrameworks/SystemDesktopAppearance.framework/Versions/A/SystemDesktopAppearance
0x00000001e4d64000 	/System/Library/PrivateFrameworks/AppleCVA.framework/Versions/A/AppleCVA
0x000000023eb16000 	/System/Library/PrivateFrameworks/AvatarKitContent.framework/Versions/A/AvatarKitContent
0x00000001a97e9000 	/System/Library/PrivateFrameworks/CoreAppleCVA.framework/Versions/A/CoreAppleCVA
0x0000000265d87000 	/System/Library/PrivateFrameworks/icloudMCCKit.framework/Versions/A/icloudMCCKit
0x000000023a937000 	/System/Library/PrivateFrameworks/AppleAccountUI.framework/Versions/A/AppleAccountUI
0x00000001c78e8000 	/System/Library/PrivateFrameworks/FindMyDeviceUI.framework/Versions/A/FindMyDeviceUI
0x0000000267cc2000 	/System/Library/PrivateFrameworks/iCloudQuotaUI.framework/Versions/A/iCloudQuotaUI
0x00000001e2c19000 	/System/Library/PrivateFrameworks/CoreCDPUI.framework/Versions/A/CoreCDPUI
0x00000001c116e000 	/System/Library/PrivateFrameworks/CoreFollowUpUI.framework/Versions/A/CoreFollowUpUI
0x00000001ce3f7000 	/System/Library/PrivateFrameworks/IMCore.framework/Versions/A/IMCore
0x00000001b5617000 	/System/Library/PrivateFrameworks/CoreCDP.framework/Versions/A/CoreCDP
0x00000001b0b41000 	/System/Library/PrivateFrameworks/AskPermission.framework/Versions/A/AskPermission
0x00000001c4c6c000 	/System/Library/Frameworks/Quartz.framework/Versions/A/Quartz
0x00000001bd14c000 	/System/Library/PrivateFrameworks/FindMyDevice.framework/Versions/A/FindMyDevice
0x00000001d23a5000 	/System/Library/PrivateFrameworks/CloudPhotoServicesConfiguration.framework/Versions/A/CloudPhotoServicesConfiguration
0x00000001c34fd000 	/System/Library/PrivateFrameworks/CommerceKit.framework/Versions/A/CommerceKit
0x00000001d3c39000 	/System/Library/PrivateFrameworks/FindMyMac.framework/Versions/A/FindMyMac
0x00000001c58c3000 	/System/Library/Frameworks/AddressBook.framework/Versions/A/AddressBook
0x00000001c4de2000 	/System/Library/PrivateFrameworks/AOSKit.framework/Versions/A/AOSKit
0x00000001afb46000 	/System/Library/PrivateFrameworks/AOSAccounts.framework/Versions/A/AOSAccounts
0x00000001a9a46000 	/System/Library/PrivateFrameworks/AppleSRP.framework/Versions/A/AppleSRP
0x00000001adda2000 	/System/Library/PrivateFrameworks/NetFSServer.framework/Versions/A/NetFSServer
0x00000001c22a4000 	/System/Library/Frameworks/PDFKit.framework/Versions/A/PDFKit
0x00000002be2cd000 	/usr/lib/swift/libswiftPassKit.dylib
0x00000001e5d34000 	/System/Library/Frameworks/PassKit.framework/Versions/A/PassKit
0x00000001b2123000 	/System/Library/PrivateFrameworks/PassKitCore.framework/Versions/A/PassKitCore
0x0000000291766000 	/System/Library/PrivateFrameworks/PassKitMacHelperTemp.framework/Versions/A/PassKitMacHelperTemp
0x00000002bbfce000 	/usr/lib/libAppleSSE.dylib
0x000000029bb3e000 	/System/Library/PrivateFrameworks/SEService.framework/Versions/A/SEService
0x000000022b8b7000 	/System/Library/Frameworks/FinanceKit.framework/Versions/A/FinanceKit
0x000000023c0f8000 	/System/Library/PrivateFrameworks/AppletTranslationFramework.framework/Versions/A/AppletTranslationFramework
0x00000001c4d08000 	/System/Library/PrivateFrameworks/NearField.framework/Versions/A/NearField
0x000000029bc70000 	/System/Library/PrivateFrameworks/SESShared.framework/Versions/A/SESShared
0x00000002a9370000 	/System/Library/PrivateFrameworks/STSXPCHelperClient.framework/Versions/A/STSXPCHelperClient
0x00000001c5c8e000 	/usr/lib/libnfshared.dylib
0x00000001ea902000 	/System/Library/PrivateFrameworks/PassKitUIFoundation.framework/Versions/A/PassKitUIFoundation
0x00000001a9456000 	/System/Library/Frameworks/MapKit.framework/Versions/A/MapKit
0x0000000259122000 	/System/Library/PrivateFrameworks/GeoAnalytics.framework/Versions/A/GeoAnalytics
0x00000001c727c000 	/System/Library/PrivateFrameworks/Navigation.framework/Versions/A/Navigation
0x00000001d0e74000 	/System/Library/PrivateFrameworks/VectorKit.framework/Versions/A/VectorKit
0x0000000235bb7000 	/System/Library/PrivateFrameworks/_GeoServices_GeoToolbox.framework/Versions/A/_GeoServices_GeoToolbox
0x00000001b7586000 	/System/Library/PrivateFrameworks/VirtualGarage.framework/Versions/A/VirtualGarage
0x00000001c5cb9000 	/System/Library/Frameworks/ExternalAccessory.framework/ExternalAccessory
0x00000001c5ccf000 	/System/Library/PrivateFrameworks/IAP.framework/Versions/A/IAP
0x00000001b769b000 	/System/Library/PrivateFrameworks/ContactsUICore.framework/Versions/A/ContactsUICore
0x00000001b1c07000 	/System/Library/PrivateFrameworks/IMSharedUtilities.framework/Versions/A/IMSharedUtilities
0x00000001bdd90000 	/System/Library/PrivateFrameworks/ContactsDonation.framework/Versions/A/ContactsDonation
0x00000001bd66f000 	/System/Library/PrivateFrameworks/DataDetectors.framework/Versions/A/DataDetectors
0x00000001b026e000 	/System/Library/Frameworks/MediaLibrary.framework/Versions/A/MediaLibrary
0x00000001aa72c000 	/System/Library/PrivateFrameworks/PersonaKit.framework/Versions/A/PersonaKit
0x00000001b768e000 	/System/Library/PrivateFrameworks/PersonaUI.framework/Versions/A/PersonaUI
0x000000023ea74000 	/System/Library/PrivateFrameworks/AvailabilityKit.framework/Versions/A/AvailabilityKit
0x00000002a8b8e000 	/System/Library/PrivateFrameworks/StatusKit.framework/Versions/A/StatusKit
0x000000025487e000 	/System/Library/PrivateFrameworks/FindMyLocate.framework/Versions/A/FindMyLocate
0x000000029b42c000 	/System/Library/PrivateFrameworks/SensitiveContentAnalysisUI.framework/Versions/A/SensitiveContentAnalysisUI
0x0000000254641000 	/System/Library/PrivateFrameworks/FindMyCommon.framework/Versions/A/FindMyCommon
0x00000002543eb000 	/System/Library/PrivateFrameworks/FindMyBase.framework/Versions/A/FindMyBase
0x000000022db67000 	/System/Library/Frameworks/NearbyInteraction.framework/Versions/A/NearbyInteraction
0x0000000254878000 	/System/Library/PrivateFrameworks/FindMyFeatureFlags.framework/Versions/A/FindMyFeatureFlags
0x000000021d81e000 	/System/Library/Frameworks/_AVKit_SwiftUI.framework/Versions/A/_AVKit_SwiftUI
0x00000002aef0f000 	/System/Library/PrivateFrameworks/TrustKit.framework/Versions/A/TrustKit
0x00000002992f8000 	/System/Library/PrivateFrameworks/Rules.framework/Versions/A/Rules
0x00000001aa3c8000 	/System/Library/PrivateFrameworks/AddressBookCore.framework/Versions/A/AddressBookCore
0x00000001c59f3000 	/System/Library/PrivateFrameworks/ToneKit.framework/Versions/A/ToneKit
0x000000024340a000 	/System/Library/PrivateFrameworks/ContactsAccounts.framework/Versions/A/ContactsAccounts
0x00000001c4ba7000 	/System/Library/PrivateFrameworks/Lookup.framework/Versions/A/Lookup
0x000000023207e000 	/System/Library/Frameworks/QuickLookUI.framework/Versions/A/QuickLookUI
0x00000001bc5c1000 	/System/Library/PrivateFrameworks/DeviceManagement.framework/Versions/A/DeviceManagement
0x00000001e23d7000 	/System/Library/PrivateFrameworks/ScreenTimeUI.framework/Versions/A/ScreenTimeUI
0x00000002328bc000 	/System/Library/Frameworks/ScreenCaptureKit.framework/Versions/A/ScreenCaptureKit
0x00000001ae831000 	/System/Library/Frameworks/QuickLookThumbnailing.framework/Versions/A/QuickLookThumbnailing
0x00000001bc299000 	/System/Library/PrivateFrameworks/QuickLookSupport.framework/Versions/A/QuickLookSupport
0x00000001bd66b000 	/System/Library/PrivateFrameworks/QuickLookNonBaseSystem.framework/Versions/A/QuickLookNonBaseSystem
0x00000001a5b87000 	/System/Library/Frameworks/QuickLook.framework/Versions/A/QuickLook
0x00000001bfbb2000 	/System/Library/PrivateFrameworks/Catalyst.framework/Versions/A/Catalyst
0x00000001c12bb000 	/System/Library/PrivateFrameworks/ScreenTimeCore.framework/Versions/A/ScreenTimeCore
0x00000001d53e0000 	/System/Library/PrivateFrameworks/ScreenTimeServiceUI.framework/Versions/A/ScreenTimeServiceUI
0x0000000299fc3000 	/System/Library/PrivateFrameworks/ScreenTimeSettingsServices.framework/Versions/A/ScreenTimeSettingsServices
0x000000029a995000 	/System/Library/PrivateFrameworks/ScreenTimeSwift.framework/Versions/A/ScreenTimeSwift
0x000000023d4ae000 	/System/Library/PrivateFrameworks/AskToCore.framework/Versions/A/AskToCore
0x00000001cd6f4000 	/System/Library/PrivateFrameworks/ConfigurationEngineModel.framework/Versions/A/ConfigurationEngineModel
0x00000001d0e3a000 	/System/Library/PrivateFrameworks/UsageTracking.framework/Versions/A/UsageTracking
0x000000022b438000 	/System/Library/Frameworks/DeviceActivity.framework/Versions/A/DeviceActivity
0x00000001d0e16000 	/System/Library/PrivateFrameworks/KnowledgeMonitor.framework/Versions/A/KnowledgeMonitor
0x00000002aa6f0000 	/System/Library/PrivateFrameworks/Symptoms.framework/Versions/A/Frameworks/SymptomPresentationFeed.framework/Versions/A/SymptomPresentationFeed
0x00000001ea8c0000 	/System/Library/PrivateFrameworks/BluetoothManager.framework/Versions/A/BluetoothManager
0x00000002aa712000 	/System/Library/PrivateFrameworks/SymptomShared.framework/Versions/A/SymptomShared
0x00000002aa47d000 	/System/Library/PrivateFrameworks/Symptoms.framework/Versions/A/Frameworks/SymptomAnalytics.framework/Versions/A/SymptomAnalytics
0x000000022d6d2000 	/System/Library/Frameworks/ManagedSettings.framework/Versions/A/ManagedSettings
0x00000002732f8000 	/System/Library/PrivateFrameworks/ManagedSettingsSupport.framework/Versions/A/ManagedSettingsSupport
0x00000001e5d3f000 	/System/Library/Frameworks/ReplayKit.framework/Versions/A/ReplayKit
0x00000001b2f6d000 	/System/Library/PrivateFrameworks/MarkupUI.framework/Versions/A/MarkupUI
0x00000001bd64b000 	/System/Library/PrivateFrameworks/SidecarCore.framework/Versions/A/SidecarCore
0x00000001c1d0e000 	/System/Library/PrivateFrameworks/AnnotationKit.framework/Versions/A/AnnotationKit
0x00000001bcb13000 	/System/Library/PrivateFrameworks/CorePDF.framework/Versions/A/CorePDF
0x00000001c1e12000 	/System/Library/Frameworks/Quartz.framework/Versions/A/Frameworks/QuartzComposer.framework/Versions/A/QuartzComposer
0x00000001c10eb000 	/System/Library/Frameworks/Quartz.framework/Versions/A/Frameworks/QuartzFilters.framework/Versions/A/QuartzFilters
0x00000001c0357000 	/System/Library/Frameworks/Quartz.framework/Versions/A/Frameworks/ImageKit.framework/Versions/A/ImageKit
0x000000021d5ba000 	/System/Library/Frameworks/OpenCL.framework/Versions/A/OpenCL
0x00000001b2036000 	/System/Library/PrivateFrameworks/DisplayServices.framework/Versions/A/DisplayServices
0x00000002b35b6000 	/System/Library/PrivateFrameworks/VisionKitCore.framework/Versions/A/VisionKitCore
0x00000002346ec000 	/System/Library/Frameworks/Translation.framework/Versions/A/Translation
0x0000000273cd8000 	/System/Library/PrivateFrameworks/MediaAnalysisServices.framework/Versions/A/MediaAnalysisServices
0x00000001dd80f000 	/System/Library/PrivateFrameworks/RevealCore.framework/Versions/A/RevealCore
0x00000001dd807000 	/System/Library/PrivateFrameworks/Reveal.framework/Versions/A/Reveal
0x0000000269049000 	/System/Library/PrivateFrameworks/InputToolKit.framework/Versions/A/InputToolKit
0x0000000252ec0000 	/System/Library/PrivateFrameworks/EmbeddingCore.framework/Versions/A/EmbeddingCore
0x00000002aee8a000 	/System/Library/PrivateFrameworks/TranslationUIServices.framework/Versions/A/TranslationUIServices
0x00000001c050a000 	/System/Library/Frameworks/PencilKit.framework/Versions/A/PencilKit
0x00000001c06a7000 	/System/Library/PrivateFrameworks/SidecarUI.framework/Versions/A/SidecarUI
0x00000001bff5a000 	/System/Library/PrivateFrameworks/CoreHandwriting.framework/Versions/A/CoreHandwriting
0x00000001b7c7f000 	/System/Library/PrivateFrameworks/Calculate.framework/Versions/A/Calculate
0x0000000219137000 	/System/Library/PrivateFrameworks/ScreenReaderCore.framework/Versions/A/ScreenReaderCore
0x00000002a9242000 	/System/Library/PrivateFrameworks/StocksKit.framework/Versions/A/StocksKit
0x00000002a8f6d000 	/System/Library/PrivateFrameworks/StocksCore.framework/Versions/A/StocksCore
0x00000002aa96c000 	/System/Library/PrivateFrameworks/TeaFoundation.framework/Versions/A/TeaFoundation
0x00000002aab4a000 	/System/Library/PrivateFrameworks/TeaSettings.framework/Versions/A/TeaSettings
0x000000020f10e000 	/System/Library/PrivateFrameworks/NewsCore.framework/Versions/A/NewsCore
0x00000002aa903000 	/System/Library/PrivateFrameworks/TeaDB.framework/Versions/A/TeaDB
0x00000001eb85c000 	/System/Library/PrivateFrameworks/RemoteConfiguration.framework/Versions/A/RemoteConfiguration
0x000000023ca91000 	/System/Library/PrivateFrameworks/AppPrivateData.framework/Versions/A/AppPrivateData
0x000000020ed7b000 	/System/Library/PrivateFrameworks/NewsTransport.framework/Versions/A/NewsTransport
0x000000020f102000 	/System/Library/PrivateFrameworks/NewsFoundation.framework/Versions/A/NewsFoundation
0x000000028e915000 	/System/Library/PrivateFrameworks/NewsURLBucket.framework/Versions/A/NewsURLBucket
0x00000001c38fa000 	/System/Library/PrivateFrameworks/MobileInstallation.framework/Versions/A/MobileInstallation
0x00000001c9267000 	/System/Library/PrivateFrameworks/CoreCDPInternal.framework/Versions/A/CoreCDPInternal
0x0000000268f5e000 	/System/Library/PrivateFrameworks/InputAnalytics.framework/Versions/A/InputAnalytics
0x00000001cdc22000 	/System/Library/Frameworks/InstantMessage.framework/Versions/A/InstantMessage
0x00000001c57fb000 	/System/Library/PrivateFrameworks/IDSKVStore.framework/Versions/A/IDSKVStore
0x00000001c5402000 	/System/Library/PrivateFrameworks/IMDPersistence.framework/Versions/A/IMDPersistence
0x000000023d970000 	/System/Library/PrivateFrameworks/AssistantActionSuggestion.framework/Versions/A/AssistantActionSuggestion
0x000000023dc4e000 	/System/Library/PrivateFrameworks/AssistantActionSuggestionSupport.framework/Versions/A/AssistantActionSuggestionSupport
0x00000002b12e3000 	/System/Library/PrivateFrameworks/UserSafety.framework/Versions/A/UserSafety
0x00000001d5718000 	/System/Library/Frameworks/IdentityLookup.framework/Versions/A/IdentityLookup
0x00000001e98c6000 	/System/Library/PrivateFrameworks/BlastDoor.framework/Versions/A/BlastDoor
0x00000002b009e000 	/System/Library/PrivateFrameworks/UIIntelligenceSupportAgent.framework/Versions/A/UIIntelligenceSupportAgent
0x00000002725b2000 	/System/Library/PrivateFrameworks/LinkPresentationStyleSheetParsing.framework/Versions/A/LinkPresentationStyleSheetParsing
0x000000029573d000 	/System/Library/PrivateFrameworks/PosterFoundation.framework/Versions/A/PosterFoundation
0x00000002957b5000 	/System/Library/PrivateFrameworks/PosterModel.framework/Versions/A/PosterModel
0x0000000295797000 	/System/Library/PrivateFrameworks/PosterFuturesKit.framework/Versions/A/PosterFuturesKit
0x0000000253d5d000 	/System/Library/PrivateFrameworks/FeedbackService.framework/Versions/A/FeedbackService
0x00000001bdd7c000 	/System/Library/PrivateFrameworks/CoreSDB.framework/Versions/A/CoreSDB
0x00000001cafbe000 	/System/Library/PrivateFrameworks/SPOwner.framework/Versions/A/SPOwner
0x00000001c354d000 	/System/Library/PrivateFrameworks/FMCore.framework/Versions/A/FMCore
0x00000001b210b000 	/System/Library/PrivateFrameworks/FMCoreLite.framework/Versions/A/FMCoreLite
0x0000000267c2b000 	/System/Library/PrivateFrameworks/iCloudQuota.framework/Versions/A/iCloudQuota
0x00000001b761d000 	/System/Library/PrivateFrameworks/CoreRecognition.framework/Versions/A/CoreRecognition
0x00000001d3b5e000 	/System/Library/PrivateFrameworks/InAppMessages.framework/Versions/A/InAppMessages
0x000000021595b000 	/System/Library/PrivateFrameworks/JetUI.framework/Versions/A/JetUI
0x00000001d3b58000 	/System/Library/PrivateFrameworks/InAppMessagesCore.framework/Versions/A/InAppMessagesCore
0x00000001c1917000 	/System/Library/PrivateFrameworks/iTunesCloud.framework/Versions/A/iTunesCloud
0x00000001caf45000 	/System/Library/PrivateFrameworks/DAAPKit.framework/Versions/A/DAAPKit
0x0000000235bd1000 	/System/Library/PrivateFrameworks/_JetEngine_SwiftUI.framework/Versions/A/_JetEngine_SwiftUI
0x000000023742e000 	/System/Library/PrivateFrameworks/ACSEFoundation.framework/Versions/A/ACSEFoundation
0x00000002aa71c000 	/System/Library/PrivateFrameworks/Synapse.framework/Versions/A/Synapse
0x000000024dcc6000 	/System/Library/PrivateFrameworks/CSExattrCrypto.framework/Versions/A/CSExattrCrypto
0x00000001c4922000 	/System/Library/PrivateFrameworks/StoreFoundation.framework/Versions/A/StoreFoundation
0x00000001c3548000 	/System/Library/PrivateFrameworks/ServerInformation.framework/Versions/A/ServerInformation
0x00000001c2ede000 	/System/Library/PrivateFrameworks/Install.framework/Frameworks/DistributionKit.framework/Versions/A/DistributionKit
0x00000001bc082000 	/System/Library/PrivateFrameworks/PackageKit.framework/Versions/A/PackageKit
0x00000001bfe63000 	/System/Library/PrivateFrameworks/StorageManagement.framework/Versions/A/StorageManagement
0x000000023d258000 	/System/Library/PrivateFrameworks/Archetype.framework/Versions/A/Archetype
0x00000002748cd000 	/System/Library/PrivateFrameworks/MenuBarClientCore.framework/Versions/A/MenuBarClientCore
0x00000002233c6000 	/System/Library/Extensions/AGXMetalG16G_B0.bundle/Contents/MacOS/AGXMetalG16G_B0
0x00000001b7345000 	/System/Library/PrivateFrameworks/IOGPU.framework/Versions/A/IOGPU


VM Arguments:
jvm_args: -Dcompose.application.configure.swing.globals=true -Dcompose.application.resources.dir=/Users/wzw/CodeProjects/YunXDesktop/YunX/desktop/build/compose/tmp/prepareAppResources -Dfile.encoding=UTF-8 -Duser.country=CN -Duser.language=zh -Duser.variant 
java_command: com.yunx.desktop.MainKt --kcef-smoke
java_class_path (initial): /Users/wzw/CodeProjects/YunXDesktop/YunX/desktop/build/libs/desktop-jvm.jar:/Users/wzw/CodeProjects/YunXDesktop/YunX/composeApp/build/libs/composeApp-jvm.jar:/Volumes/disk/AppData/工具目录/.gradle/caches/modules-2/files-2.1/dev.datlag/kcef/2024.04.20.4/999c39d392ff0d51405441639f1259d3a0a1a688/kcef-2024.04.20.4.jar:/Volumes/disk/AppData/工具目录/.gradle/caches/modules-2/files-2.1/androidx.room/room-common-jvm/2.7.2/46a9845444d0b849131baeb85bfe4051828261ad/room-common-jvm-2.7.2.jar:/Volumes/disk/AppData/工具目录/.gradle/caches/modules-2/files-2.1/androidx.room/room-runtime-jvm/2.7.2/9c46735372c2b01cbf2fa1436ea6729902c4b9b2/room-runtime-jvm-2.7.2.jar:/Volumes/disk/AppData/工具目录/.gradle/caches/modules-2/files-2.1/org.jetbrains.compose.material3/material3-desktop/1.8.2/1f1f838506ceb2c25499517559f120517770b014/material3-desktop-1.8.2.jar:/Volumes/disk/AppData/工具目录/.gradle/caches/modules-2/files-2.1/org.jetbrains.compose.desktop/desktop-jvm/1.9.0/760a7f1c3278719f2ab9fa443228956e64a7a18e/desktop-jvm-1.9.0.jar:/Volumes/disk/AppData/工具目录/.gradle/caches/modules-2/files-2.1/org.jetbrains.compose.material/material-desktop/1.9.0/67e948eefe3e565d3be2ddf0918a12f676537b0d/material-desktop-1.9.0.jar:/Volumes/disk/AppData/工具目录/.gradle/caches/modules-2/files-2.1/org.jetbrains.compose.material/material-ripple-desktop/1.9.0/b0741397d2a9b93d7c9510c68196a27b717c07e9/material-ripple-desktop-1.9.0.jar:/Volumes/disk/AppData/工具目录/.gradle/caches/modules-2/files-2.1/org.jetbrains.compose.foundation/foundation-desktop/1.9.0/1c47d1cd5a534a3452cff4520232a1483b87b73c/foundation-desktop-1.9.0.jar:/Volumes/disk/AppData/工具目录/.gradle/caches/modules-2/files-2.1/org.jetbrains.compose.material/material-icons-extended-desktop/1.7.3/c7c5465dd754043076875b32bce0dd7f5a354fe8/material-icons-extended-desktop-1.7.3.jar:/Volumes/disk/AppData/工具目录/.gradle/caches/modules-2/files-2.1/org.jetbrains.compose.animation/animati
Launcher Type: SUN_STANDARD

[Global flags]
     intx CICompilerCount                          = 4                                         {product} {ergonomic}
     uint ConcGCThreads                            = 2                                         {product} {ergonomic}
     uint G1ConcRefinementThreads                  = 9                                         {product} {ergonomic}
   size_t G1HeapRegionSize                         = 2097152                                   {product} {ergonomic}
    uintx GCDrainStackTargetSize                   = 64                                        {product} {ergonomic}
   size_t InitialHeapSize                          = 268435456                                 {product} {ergonomic}
   size_t MarkStackSize                            = 4194304                                   {product} {ergonomic}
   size_t MaxHeapSize                              = 4294967296                                {product} {ergonomic}
   size_t MaxNewSize                               = 2575302656                                {product} {ergonomic}
   size_t MinHeapDeltaBytes                        = 2097152                                   {product} {ergonomic}
   size_t MinHeapSize                              = 8388608                                   {product} {ergonomic}
    uintx NonNMethodCodeHeapSize                   = 5839564                                {pd product} {ergonomic}
    uintx NonProfiledCodeHeapSize                  = 122909338                              {pd product} {ergonomic}
    uintx ProfiledCodeHeapSize                     = 122909338                              {pd product} {ergonomic}
    uintx ReservedCodeCacheSize                    = 251658240                              {pd product} {ergonomic}
     bool SegmentedCodeCache                       = true                                      {product} {ergonomic}
   size_t SoftMaxHeapSize                          = 4294967296                             {manageable} {ergonomic}
     bool UseCompressedClassPointers               = true                           {product lp64_product} {ergonomic}
     bool UseCompressedOops                        = true                           {product lp64_product} {ergonomic}
     bool UseG1GC                                  = true                                      {product} {ergonomic}
     bool UseNUMA                                  = false                                     {product} {ergonomic}
     bool UseNUMAInterleaving                      = false                                     {product} {ergonomic}

Logging:
Log output configuration:
 #0: stdout all=warning uptime,level,tags
 #1: stderr all=off uptime,level,tags

Environment Variables:
JAVA_HOME=/Users/wzw/tools/jdk-17.0.20.1+1/Contents/Home
PATH=/Users/wzw/.bun/bin:/Users/wzw/.opencode/bin:/Users/wzw/.kimi-code/bin:/Applications/Android Studio.app/Contents/jbr/Contents/Home/bin:/Users/wzw/.local/bin:/opt/homebrew/bin:/opt/homebrew/sbin:/Users/wzw/flutter/bin:/usr/local/bin:/System/Cryptexes/App/usr/bin:/usr/bin:/bin:/usr/sbin:/sbin:/var/run/com.apple.security.cryptexd/codex.system/bootstrap/usr/local/bin:/var/run/com.apple.security.cryptexd/codex.system/bootstrap/usr/bin:/var/run/com.apple.security.cryptexd/codex.system/bootstrap/usr/appleinternal/bin:/pkg/env/global/bin:/Library/Apple/usr/bin:/Applications/VMware Fusion.app/Contents/Public:/Applications/ZCode.app/Contents/Resources/tools/bfs:/Applications/ZCode.app/Contents/Resources/tools/ripgrep:/Applications/ZCode.app/Contents/Resources/tools/ugrep
SHELL=/bin/zsh
LANG=C.UTF-8
LC_CTYPE=C.UTF-8
TERM=dumb
TMPDIR=/var/folders/01/9mgdqxpd05sd4nksf1r7v4ym0000gn/T/

Active Locale:
LC_ALL=C.UTF-8
LC_COLLATE=C.UTF-8
LC_CTYPE=C.UTF-8
LC_MESSAGES=C.UTF-8
LC_MONETARY=C.UTF-8
LC_NUMERIC=C.UTF-8
LC_TIME=C.UTF-8

Signal Handlers:
   SIGSEGV: crash_handler in libjvm.dylib, mask=11100110000111110111111111111111, flags=SA_RESTART|SA_SIGINFO, unblocked
    SIGBUS: crash_handler in libjvm.dylib, mask=11100110000111110111111111111111, flags=SA_RESTART|SA_SIGINFO, unblocked
    SIGFPE: crash_handler in libjvm.dylib, mask=11100110000111110111111111111111, flags=SA_RESTART|SA_SIGINFO, unblocked
   SIGPIPE: javaSignalHandler in libjvm.dylib, mask=11100110000111110111111111111111, flags=SA_RESTART|SA_SIGINFO, blocked
   SIGXFSZ: javaSignalHandler in libjvm.dylib, mask=11100110000111110111111111111111, flags=SA_RESTART|SA_SIGINFO, blocked
    SIGILL: crash_handler in libjvm.dylib, mask=11100110000111110111111111111111, flags=SA_RESTART|SA_SIGINFO, unblocked
   SIGUSR2: SR_handler in libjvm.dylib, mask=00100000000000000000000000000000, flags=SA_RESTART|SA_SIGINFO, blocked
    SIGHUP: UserHandler in libjvm.dylib, mask=11100110000111110111111111111111, flags=SA_RESTART|SA_SIGINFO, blocked
    SIGINT: UserHandler in libjvm.dylib, mask=11100110000111110111111111111111, flags=SA_RESTART|SA_SIGINFO, blocked
   SIGTERM: UserHandler in libjvm.dylib, mask=11100110000111110111111111111111, flags=SA_RESTART|SA_SIGINFO, blocked
   SIGQUIT: UserHandler in libjvm.dylib, mask=11100110000111110111111111111111, flags=SA_RESTART|SA_SIGINFO, blocked
   SIGTRAP: crash_handler in libjvm.dylib, mask=11100110000111110111111111111111, flags=SA_RESTART|SA_SIGINFO, unblocked


Periodic native trim disabled


---------------  S Y S T E M  ---------------

OS:
uname: Darwin 27.2.0 Darwin Kernel Version 27.2.0: Fri Sep  4 23:26:57 PDT 2026; root:xnu-13432.40.144.0.1~53/RELEASE_ARM64_T8132 arm64
OS uptime: 0 days 18:36 hours
rlimit (soft/hard): STACK 8176k/65520k , CORE 0k/infinity , NPROC 2666/4000 , NOFILE 1048576/infinity , AS infinity/infinity , CPU infinity/infinity , DATA infinity/infinity , FSIZE infinity/infinity , MEMLOCK infinity/infinity , RSS infinity/infinity
load average: 3.06 2.11 1.68

CPU: total 10 (initial active 10) 0x61:0x0:0x6f5129ac:0, fp, simd, crc, lse
machdep.cpu.brand_string:Apple M4
hw.cachelinesize:128
hw.l1icachesize:131072
hw.l1dcachesize:65536
hw.l2cachesize:4194304

Memory: 16k page, physical 16777216k(212016k free), swap 4194304k(1446080k free)

vm_info: OpenJDK 64-Bit Server VM (17.0.20.1+1) for bsd-aarch64 JRE (17.0.20.1+1), built on Aug 18 2026 00:00:00 by "admin" with clang Apple LLVM 15.0.0 (clang-1500.1.0.2.5)

END.
